partition,model,task,variant,support,accuracy,macro_f1,log_loss,multiclass_brier,top_label_ece,top_label_mce,adaptive_ece,mean_confidence,mean_entropy,positive,negative,brier,ece,mce,calibration_slope,calibration_intercept,sharpness_std,mean_probability,empirical_rate,brier_reliability,brier_resolution,brier_uncertainty,brier_decomposition_rhs,brier_decomposition_residual,brier_decomposition_absolute_residual,brier_decomposition_expected_binning_tolerance,brier_decomposition_within_expected_binning_residual,adaptive_mce
DEVELOPMENT,M3T,direction_multiclass,raw,384,0.6276041666666666,0.351905162505046,0.8928995344357236,0.5270936242457153,0.12138429784060445,0.16307184779237754,0.12138429784060445,0.5062198688260622,1.0024228247368765,,,,,,,,,,,,,,,,,,,
DEVELOPMENT,M3T,direction_down,raw,384,,,0.44147602447814954,,,,,,,66.0,318.0,0.13589350116221433,0.07912765400639425,0.18546118736267087,2.4750261777175266,1.0311617813554246,0.06698430593011642,0.24617293558549136,0.171875,0.008053005625297318,0.011786932443500394,0.142333984375,0.1386000575567969,-0.0027065563945825877,0.0027065563945825877,0.05,True,
DEVELOPMENT,M3T,direction_flat,raw,384,,,0.6824501894406526,,,,,,,249.0,135.0,0.2449975014634627,0.1455046096816659,0.20718650896298257,0.7592282386209221,0.6177848025776829,0.10748592664372744,0.5029328903183341,0.6484375,0.025262191720720514,0.00734613341617681,0.22796630859375,0.2458823668982937,-0.000884865434831017,0.000884865434831017,0.05,True,
DEVELOPMENT,M3T,direction_up,raw,384,,,0.4664928643016319,,,,,,,69.0,315.0,0.14620262156923494,0.08448428323026748,0.4953727126121521,1.109986944355838,-0.33100593626547564,0.08810024863718297,0.2508941749498869,0.1796875,0.011867278513196739,0.013161594095610291,0.14739990234375,0.14610558676133645,9.703480789849395e-05,9.703480789849395e-05,0.05,True,
DEVELOPMENT,M3T,direction_multiclass,frozen,384,0.6276041666666666,0.351905162505046,0.8600124672237112,0.5080849386208212,0.09678327938245095,0.23854631988070402,0.10977811317596468,0.5770508997905135,0.9113412464076863,,,,,,,,,,,,,,,,,,,
DEVELOPMENT,M3T,direction_down,frozen,384,,,0.42144792519649243,,,,,,,66.0,318.0,0.13008407152508725,0.045841775737547615,0.1712881624698639,1.585977841260352,0.44083004920554864,0.0896033871439706,0.20879551727557555,0.171875,0.0033752043839083003,0.015572972204980476,0.142333984375,0.13013621655392782,-5.214502884057226e-05,5.214502884057226e-05,0.05,True,
DEVELOPMENT,M3T,direction_flat,frozen,384,,,0.6595359764075787,,,,,,,249.0,135.0,0.23387143848462635,0.1210545568416516,0.19764177147433054,0.5123340105828635,0.4604432978391528,0.14748310119588334,0.57198292730997,0.6484375,0.02019342511985635,0.015164967362390687,0.22796630859375,0.23299476635121566,0.0008766721334106942,0.0008766721334106942,0.05,True,
DEVELOPMENT,M3T,direction_up,frozen,384,,,0.4602582994838635,,,,,,,69.0,315.0,0.14412942914737878,0.06279923120746389,0.4272650480270386,0.7166405469269154,-0.5918957239572169,0.11758032016497998,0.21922155840244764,0.1796875,0.006405551566648276,0.010380097358122085,0.14739990234375,0.1434253565522762,0.0007040725951025784,0.0007040725951025784,0.05,True,
DEVELOPMENT,M3T,bid_fill,raw,243,,,0.49437745048703047,,,,0.132297057735086,,,58.0,185.0,0.16018391876194704,0.13042159807780151,0.38056642413139347,3.438114150552931,2.3139126472142273,0.0678726655902611,0.2531293199508769,0.23868312757201646,0.020111383217417476,0.0393816237505952,0.18171349218445695,0.16244325165127924,-0.002259332889332194,0.002259332889332194,0.05,True,0.3040596401691437
DEVELOPMENT,M3T,bid_fill,frozen,243,,,0.4501889906910371,,,,0.06454425303595056,,,58.0,185.0,0.1420898893272088,0.06657671089832184,0.13497975209484928,1.1355532250255207,-0.1351984055006953,0.19106775307840237,0.274184564979356,0.23868312757201646,0.005331452344976061,0.04250462603844735,0.18171349218445695,0.14454031849098567,-0.002450429163776857,0.002450429163776857,0.05,True,0.1182223595678806
DEVELOPMENT,M3T,ask_fill,raw,243,,,0.5640085551032576,,,,0.16854612283991197,,,76.0,167.0,0.19020081801376554,0.10881441420733687,0.34544512530167903,4.4298473741637325,2.289737565189373,0.06497703145287417,0.3208902645626186,0.31275720164609055,0.023549153974203204,0.04425580795633082,0.2149401344645972,0.19423348048246958,-0.00403266246870404,0.00403266246870404,0.05,True,0.33538409471511843
DEVELOPMENT,M3T,ask_fill,frozen,243,,,0.5228633523339343,,,,0.11356979829293709,,,76.0,167.0,0.17472522914859356,0.08129662373428972,0.2194868730647223,2.099491401895921,0.9312108707522319,0.1230861823768784,0.29215717242087846,0.31275720164609055,0.012563980323068057,0.05111206128333024,0.2149401344645972,0.176392053504335,-0.0016668243557414475,0.0016668243557414475,0.05,True,0.25851331353187557
DEVELOPMENT,XGBOOST,direction_multiclass,frozen,384,0.6432291666666666,0.4086479066575155,0.8114404605763795,0.47896169658577675,0.01825587486452027,0.2936920706291298,0.07921947523283991,0.6459176993837507,0.799239393429804,,,,,,,,,,,,,,,,,,,
DEVELOPMENT,XGBOOST,direction_down,frozen,384,,,0.4381748894354331,,,,,,,66.0,318.0,0.14002669264187728,0.1016058677341789,0.39287769794464117,0.9098281434717983,-0.7509599847826341,0.17955849581073247,0.2716106284254541,0.171875,0.017461285778567665,0.021483532029011935,0.142333984375,0.13831173812455572,0.0017149545173215652,0.0017149545173215652,0.05,True,
DEVELOPMENT,XGBOOST,direction_flat,frozen,384,,,0.5839223431428452,,,,,,,249.0,135.0,0.20161280087770342,0.05968295126998177,0.39468203981717426,0.9266435884261367,0.2991458811604406,0.18852183854225024,0.5938444207810486,0.6484375,0.006935023248455941,0.03457991849966569,0.22796630859375,0.20032141334254025,0.0012913875351631687,0.0012913875351631687,0.05,True,
DEVELOPMENT,XGBOOST,direction_up,frozen,384,,,0.43912819246369633,,,,,,,69.0,315.0,0.13732220321041153,0.051228811387166694,0.40966105461120605,0.8275454921938393,0.09323437465537855,0.11242055919085352,0.13454495210802028,0.1796875,0.0033823901253546983,0.011745994847737239,0.14739990234375,0.13903629762136746,-0.0017140944109559353,0.0017140944109559353,0.05,True,
DEVELOPMENT,XGBOOST,bid_fill,frozen,243,,,0.41982979171421625,,,,0.03309665339013921,,,58.0,185.0,0.13319293538416063,0.042314770267394844,0.3377649784088135,1.0657617119046272,0.15451209462240367,0.20765941382454878,0.2268705621530367,0.23868312757201646,0.004771428865103318,0.05110228031525447,0.18171349218445695,0.1353826407343058,-0.002189705350145177,0.002189705350145177,0.05,True,0.1314869038760662
DEVELOPMENT,XGBOOST,ask_fill,frozen,243,,,0.5404295389103476,,,,0.06033654801486207,,,76.0,167.0,0.1801703557011676,0.07235602024988626,0.5397428870201111,0.9591862357403251,0.22655596721908944,0.1823693701632737,0.26794845967289105,0.31275720164609055,0.014744135743336979,0.04792666013041972,0.2149401344645972,0.18175761007751445,-0.0015872543763468527,0.0015872543763468527,0.05,True,0.17175678536295885
FINAL_POSTHOC_ONLY,M3T,direction_multiclass,raw,3207,0.31774243841596506,0.256399706788153,1.8390506957167212,0.898125176413762,0.3337064610081405,0.6685019209134243,0.33370646100814055,0.6514488994241054,0.7603323643469617,,,,,,,,,,,,,,,,,,,
FINAL_POSTHOC_ONLY,M3T,direction_down,raw,3207,,,1.1475312789016912,,,,,,,1064.0,2143.0,0.35426120726639965,0.30809201107217876,0.6984806904483949,-0.08011743846950461,-0.6799986319170583,0.235548134134576,0.5772932296595883,0.3317742438415965,0.13314673620323345,0.001543746643591722,0.22170009496493337,0.3533030845245751,0.0009581227418245519,0.0009581227418245519,0.05,True,
FINAL_POSTHOC_ONLY,M3T,direction_flat,raw,3207,,,0.7692581426021889,,,,,,,970.0,2237.0,0.2389301015329274,0.14584885500806222,0.2885052678546202,-0.014984705312804714,-0.8567298908244985,0.15448074833761388,0.2660371785071662,0.3024633613969442,0.029388610281390934,0.0017847954965641425,0.21097927640940572,0.23858309119423252,0.0003470103386948864,0.0003470103386948864,0.05,True,
FINAL_POSTHOC_ONLY,M3T,direction_up,raw,3207,,,1.1777749958304395,,,,,,,1173.0,2034.0,0.3049338683163553,0.2578198318067927,0.5800368360579378,0.024771812871049174,-0.4911383144137448,0.1978066847247478,0.15666959255363233,0.36576239476145933,0.07484516881163321,0.002172713760229594,0.23198026533982172,0.3046527203912253,0.00028114792513000975,0.00028114792513000975,0.05,True,
FINAL_POSTHOC_ONLY,M3T,direction_multiclass,frozen,3207,0.31774243841596506,0.256399706788153,2.3154861275769365,0.9842217084636424,0.4070815800432665,0.6570336220456829,0.40708158004326644,0.7248240184592314,0.6263768044484773,,,,,,,,,,,,,,,,,,,
FINAL_POSTHOC_ONLY,M3T,direction_down,frozen,3207,,,1.4577667538669776,,,,,,,1064.0,2143.0,0.40485583707253675,0.3730580235090179,0.6724781338352719,-0.06015191694513224,-0.6632891265142474,0.273592124285574,0.6324302558191449,0.3317742438415965,0.18293842348328493,0.0012062602992103937,0.22170009496493337,0.4034322581490079,0.0014235789235288454,0.0014235789235288454,0.05,True,
FINAL_POSTHOC_ONLY,M3T,direction_flat,frozen,3207,,,0.8987486983547571,,,,,,,970.0,2237.0,0.2557040736511734,0.1870483922341181,0.39020277311404544,-0.017375238662711536,-0.8683982896548285,0.1871483754353607,0.23794089285801717,0.3024633613969442,0.045573921270577585,0.0018556306755799273,0.21097927640940572,0.2546975670044034,0.0010065066467700445,0.0010065066467700445,0.05,True,
FINAL_POSTHOC_ONLY,M3T,direction_up,frozen,3207,,,1.517694780558038,,,,,,,1173.0,2034.0,0.3236617997944515,0.2919395931510731,0.5989934289482599,0.021375874717321483,-0.4811404115339727,0.21431552007279575,0.12962885250517456,0.36576239476145933,0.09345660111272594,0.001865521656876361,0.23198026533982172,0.3235713447956713,9.045499878018726e-05,9.045499878018726e-05,0.05,True,
FINAL_POSTHOC_ONLY,M3T,bid_fill,raw,3207,,,0.778662788805631,,,,0.11536722937274799,,,1007.0,2200.0,0.24283876941362262,0.1094224659704366,0.6962072685556188,-0.02485164669057958,-0.8052394665471386,0.16473661514434487,0.2940575271804525,0.31400062363579667,0.027381308210017555,0.0002729538633322483,0.21540423199212747,0.24251258633881279,0.00032618307480983266,0.00032618307480983266,0.05,True,0.32964802035703816
FINAL_POSTHOC_ONLY,M3T,bid_fill,frozen,3207,,,1.2220817095498473,,,,0.24165179721633573,,,1007.0,2200.0,0.3032376150331274,0.24466025863862706,0.6775406757237593,-0.0068230501795011915,-0.7872147217586132,0.2931811092401539,0.37795098141875266,0.31400062363579667,0.08809698281355167,0.0003229682423186612,0.21540423199212747,0.30317824656336045,5.936846976695165e-05,5.936846976695165e-05,0.05,True,0.6119033818596744
FINAL_POSTHOC_ONLY,M3T,ask_fill,raw,3207,,,0.8213623783614055,,,,0.13455322197651406,,,984.0,2223.0,0.24630734112650238,0.1364357306012924,0.7987266693796431,-0.03070361998534064,-0.8411987853038669,0.16550655831602792,0.3576318937261802,0.3068288119738073,0.03418341361795912,0.0006102235453553584,0.2126848921165493,0.24625808218915307,4.9258937349305754e-05,4.9258937349305754e-05,0.05,True,0.3873417436890884
FINAL_POSTHOC_ONLY,M3T,ask_fill,frozen,3207,,,1.0771756383667268,,,,0.20057250540488866,,,984.0,2223.0,0.27919408048224337,0.2001403286855657,0.7339267183748653,-0.021860398612995376,-0.8367249580301047,0.2415787830530285,0.37571266396366376,0.3068288119738073,0.06640580056045058,0.00042181322462105943,0.2126848921165493,0.27866887945237884,0.0005252010298645304,0.0005252010298645304,0.05,True,0.556118933252602
FINAL_POSTHOC_ONLY,XGBOOST,direction_multiclass,frozen,3207,0.31431244153414406,0.18862144671722922,1.3525815952962346,0.8268729207192064,0.3227101353749649,0.4311708364082164,0.3216991117357726,0.6360115532699167,0.8699471611443784,,,,,,,,,,,,,,,,,,,
FINAL_POSTHOC_ONLY,XGBOOST,direction_down,frozen,3207,,,0.7021901626049665,,,,,,,1064.0,2143.0,0.2407357712269835,0.13420953046057707,0.20915916562080383,0.31317742349841055,-0.23610191632921737,0.09802920362273154,0.19870577815839963,0.3317742438415965,0.021157442533007883,0.002133075830456982,0.22170009496493337,0.24072446166748426,1.1309559499239619e-05,1.1309559499239619e-05,0.05,True,
FINAL_POSTHOC_ONLY,XGBOOST,direction_flat,frozen,3207,,,0.8341003242787027,,,,,,,970.0,2237.0,0.314464575752247,0.3287416046138564,0.43117083396230427,0.7820352402957775,-1.3071176321145948,0.11199589791644493,0.6312049660108006,0.3024633613969442,0.10969428947160052,0.007055592488215893,0.21097927640940572,0.31361797339279035,0.0008466023594566607,0.0008466023594566607,0.05,True,
FINAL_POSTHOC_ONLY,XGBOOST,direction_up,frozen,3207,,,0.7868223433671571,,,,,,,1173.0,2034.0,0.2716725734109068,0.1957356617711937,0.369460696235913,0.06560828383096513,-0.4428768303020344,0.05963313152970991,0.1700892558278958,0.36576239476145933,0.04124353759282566,0.002314575311498172,0.23198026533982172,0.2709092276211492,0.0007633457897575635,0.0007633457897575635,0.05,True,
FINAL_POSTHOC_ONLY,XGBOOST,bid_fill,frozen,3207,,,0.8190398910262818,,,,0.21247717406859754,,,1007.0,2200.0,0.2591644246205602,0.21558928965946056,0.2590043119021824,0.3387157395262169,0.009321015802263872,0.07098801942729603,0.10152344956719916,0.31400062363579667,0.046792031829653365,0.002768720103673896,0.21540423199212747,0.25942754371810695,-0.0002631190975467268,0.0002631190975467268,0.05,True,0.24359354425535024
FINAL_POSTHOC_ONLY,XGBOOST,ask_fill,frozen,3207,,,0.6371461473284717,,,,0.08041044291995157,,,984.0,2223.0,0.21959922749101926,0.07712485831629311,0.2686238553788927,0.24239622832119215,-0.5409849129346009,0.09072428515919492,0.25250691368636924,0.3068288119738073,0.007916568306622684,0.00042480407606488863,0.2126848921165493,0.22017665634710712,-0.0005774288560878582,0.0005774288560878582,0.05,True,0.12526583373546601
