partition,model,development_confidence_quartile,bin_rank,support,accuracy,macro_f1,nll,error_rate,fill_support,fill_brier,post_fill_markout_support,mean_post_fill_markout,slice_definition_source,interpretation
DEVELOPMENT,M3T,Q1,1,96,0.53125,0.4197979797979798,0.9511544108390808,0.46875,192,0.15022628661241916,49,-0.002551020408163265,DEVELOPMENT_FIXED_CONFIDENCE_QUARTILES,DEVELOPMENT_DIAGNOSTIC
DEVELOPMENT,M3T,Q2,2,96,0.53125,0.27782094448761113,0.9029944539070129,0.46875,192,0.15166662179577184,56,0.004464285714285714,DEVELOPMENT_FIXED_CONFIDENCE_QUARTILES,DEVELOPMENT_DIAGNOSTIC
DEVELOPMENT,M3T,Q3,3,96,0.6979166666666666,0.3125076117403483,0.8488139510154724,0.3020833333333333,102,0.18649642524752255,29,0.021551724137931036,DEVELOPMENT_FIXED_CONFIDENCE_QUARTILES,DEVELOPMENT_DIAGNOSTIC
DEVELOPMENT,M3T,Q4,4,96,0.75,0.2857142857142857,0.737087070941925,0.25,0,,0,,DEVELOPMENT_FIXED_CONFIDENCE_QUARTILES,DEVELOPMENT_DIAGNOSTIC
FINAL_POSTHOC_ONLY,M3T,Q1,1,225,0.3422222222222222,0.3192972504370449,1.1637752056121826,0.6577777777777778,450,0.2961875597712072,177,-0.0011016949152541987,DEVELOPMENT_FIXED_CONFIDENCE_QUARTILES,EXPLORATORY_POSTHOC_ONLY
FINAL_POSTHOC_ONLY,M3T,Q2,2,331,0.27794561933534745,0.25804909894977474,1.4080983400344849,0.7220543806646526,662,0.303460020810598,247,-0.0016599190283401821,DEVELOPMENT_FIXED_CONFIDENCE_QUARTILES,EXPLORATORY_POSTHOC_ONLY
FINAL_POSTHOC_ONLY,M3T,Q3,3,1042,0.33205374280230326,0.2701065088000662,1.601485252380371,0.6679462571976967,2084,0.28220919752861195,681,-0.0016666666666669038,DEVELOPMENT_FIXED_CONFIDENCE_QUARTILES,EXPLORATORY_POSTHOC_ONLY
FINAL_POSTHOC_ONLY,M3T,Q4,4,1609,0.3132380360472343,0.22597801968485387,3.1219937801361084,0.6867619639527657,3218,0.2938345419128331,886,-0.0020654627539510263,DEVELOPMENT_FIXED_CONFIDENCE_QUARTILES,EXPLORATORY_POSTHOC_ONLY
DEVELOPMENT,XGBOOST,Q1,1,96,0.5,0.3510833428866216,0.96319979429245,0.5,140,0.1506093686414434,40,0.01875,DEVELOPMENT_FIXED_CONFIDENCE_QUARTILES,DEVELOPMENT_DIAGNOSTIC
DEVELOPMENT,XGBOOST,Q2,2,96,0.5104166666666666,0.37824235385210997,0.9667835831642151,0.4895833333333333,142,0.16643216971469105,38,-0.013157894736842105,DEVELOPMENT_FIXED_CONFIDENCE_QUARTILES,DEVELOPMENT_DIAGNOSTIC
DEVELOPMENT,XGBOOST,Q3,3,96,0.8020833333333334,0.47966371279254716,0.6294284462928772,0.19791666666666666,132,0.16101675372594226,38,0.006578947368421052,DEVELOPMENT_FIXED_CONFIDENCE_QUARTILES,DEVELOPMENT_DIAGNOSTIC
DEVELOPMENT,XGBOOST,Q4,4,96,0.7604166666666666,0.42185592185592186,0.6863500475883484,0.23958333333333334,72,0.14131095184197487,18,0.013888888888888888,DEVELOPMENT_FIXED_CONFIDENCE_QUARTILES,DEVELOPMENT_DIAGNOSTIC
FINAL_POSTHOC_ONLY,XGBOOST,Q1,1,688,0.26598837209302323,0.21862276239503695,1.2297312021255493,0.7340116279069767,1376,0.26162258131352567,497,-0.0018008048289740923,DEVELOPMENT_FIXED_CONFIDENCE_QUARTILES,EXPLORATORY_POSTHOC_ONLY
FINAL_POSTHOC_ONLY,XGBOOST,Q2,2,926,0.24838012958963282,0.14278506388180595,1.4054220914840698,0.7516198704103672,1852,0.2541208431118843,631,-0.0010221870047543743,DEVELOPMENT_FIXED_CONFIDENCE_QUARTILES,EXPLORATORY_POSTHOC_ONLY
FINAL_POSTHOC_ONLY,XGBOOST,Q3,3,1053,0.34377967711301044,0.17463427377220478,1.3820064067840576,0.6562203228869895,2106,0.2242461238226185,584,-0.0024571917808228465,DEVELOPMENT_FIXED_CONFIDENCE_QUARTILES,EXPLORATORY_POSTHOC_ONLY
FINAL_POSTHOC_ONLY,XGBOOST,Q4,4,540,0.43148148148148147,0.20094868477792152,1.3611119985580444,0.5685185185185185,1080,0.2152853909451664,279,-0.0021326164874556006,DEVELOPMENT_FIXED_CONFIDENCE_QUARTILES,EXPLORATORY_POSTHOC_ONLY
