task,cohort_leaf,development_support,development_mean_error,final_support,final_application
direction_error,2,37,0.5945945945945946,118,FIXED_DEVELOPMENT_DISCOVERED_RULE_POSTHOC_ONLY
direction_error,4,33,0.09090909090909091,116,FIXED_DEVELOPMENT_DISCOVERED_RULE_POSTHOC_ONLY
direction_error,5,244,0.3073770491803279,245,FIXED_DEVELOPMENT_DISCOVERED_RULE_POSTHOC_ONLY
direction_error,7,35,0.7428571428571429,948,FIXED_DEVELOPMENT_DISCOVERED_RULE_POSTHOC_ONLY
direction_error,8,35,0.4857142857142857,1780,FIXED_DEVELOPMENT_DISCOVERED_RULE_POSTHOC_ONLY
fill_probability_absolute_error,3,92,0.29341011204878276,53,FIXED_DEVELOPMENT_DISCOVERED_RULE_POSTHOC_ONLY
fill_probability_absolute_error,4,81,0.3285154752479291,99,FIXED_DEVELOPMENT_DISCOVERED_RULE_POSTHOC_ONLY
fill_probability_absolute_error,5,30,0.38257359800239404,1549,FIXED_DEVELOPMENT_DISCOVERED_RULE_POSTHOC_ONLY
fill_probability_absolute_error,6,40,0.4110442771110684,1506,FIXED_DEVELOPMENT_DISCOVERED_RULE_POSTHOC_ONLY
adverse_selection_absolute_error,2,33,0.5102653693069111,2,FIXED_DEVELOPMENT_DISCOVERED_RULE_POSTHOC_ONLY
adverse_selection_absolute_error,3,31,0.46356065042557254,2,FIXED_DEVELOPMENT_DISCOVERED_RULE_POSTHOC_ONLY
adverse_selection_absolute_error,5,34,0.5401437378981534,0,FIXED_DEVELOPMENT_DISCOVERED_RULE_POSTHOC_ONLY
adverse_selection_absolute_error,6,36,0.49799494445323944,1987,FIXED_DEVELOPMENT_DISCOVERED_RULE_POSTHOC_ONLY
economic_diagnostic_loss,2,49,-0.007653061224489796,8,FIXED_DEVELOPMENT_DISCOVERED_RULE_POSTHOC_ONLY
economic_diagnostic_loss,3,36,0.052083333333333336,2,FIXED_DEVELOPMENT_DISCOVERED_RULE_POSTHOC_ONLY
economic_diagnostic_loss,6,30,-0.05416666666666667,2,FIXED_DEVELOPMENT_DISCOVERED_RULE_POSTHOC_ONLY
economic_diagnostic_loss,7,30,-0.025,0,FIXED_DEVELOPMENT_DISCOVERED_RULE_POSTHOC_ONLY
economic_diagnostic_loss,9,31,0.03225806451612903,21,FIXED_DEVELOPMENT_DISCOVERED_RULE_POSTHOC_ONLY
economic_diagnostic_loss,10,67,-0.013059701492537313,3174,FIXED_DEVELOPMENT_DISCOVERED_RULE_POSTHOC_ONLY
