partition,interpretation,model,side,slice_dimension,slice_value,support,positive,negative,sufficient_support,empirical_fill_rate,predicted_fill_rate,fill_calibration_gap,mean_fill_conditional_markout_points,adverse_selection_rate,diagnostic_gross_edge_usd,diagnostic_fees_and_liquidation_usd,diagnostic_net_pnl_usd
DEVELOPMENT,DEVELOPMENT_DIAGNOSTIC,M3T,bid,side,bid,243,58,185,True,0.23868312757201646,0.274184564979356,0.035501437407339555,0.017241379310344827,0.43103448275862066,50.0,326.25,-276.25
DEVELOPMENT,DEVELOPMENT_DIAGNOSTIC,M3T,bid,fill_status,FILL,58,58,0,True,1.0,0.4363050340064641,-0.563694965993536,0.017241379310344827,0.43103448275862066,50.0,326.25,-276.25
DEVELOPMENT,DEVELOPMENT_DIAGNOSTIC,M3T,bid,fill_status,NO_FILL,185,0,185,True,0.0,0.22335760712220862,0.22335760712220862,,,0.0,0.0,0.0
DEVELOPMENT,DEVELOPMENT_DIAGNOSTIC,M3T,bid,predicted_fill_probability_bucket,Q1,61,5,56,True,0.08196721311475409,0.07164251395180578,-0.010324699162948326,0.125,0.0,31.25,28.125,3.125
DEVELOPMENT,DEVELOPMENT_DIAGNOSTIC,M3T,bid,predicted_fill_probability_bucket,Q2,61,4,57,True,0.06557377049180328,0.16374611866767289,0.09817234817586962,0.0,0.5,0.0,22.5,-22.5
DEVELOPMENT,DEVELOPMENT_DIAGNOSTIC,M3T,bid,predicted_fill_probability_bucket,Q3,60,15,45,True,0.25,0.31042204598585765,0.060422045985857646,0.025,0.4,18.75,84.375,-65.625
DEVELOPMENT,DEVELOPMENT_DIAGNOSTIC,M3T,bid,predicted_fill_probability_bucket,Q4,61,34,27,True,0.5573770491803278,0.5515216383777681,-0.005855410802559775,0.0,0.5,0.0,191.25,-191.25
DEVELOPMENT,DEVELOPMENT_DIAGNOSTIC,M3T,bid,simulated_time_to_fill_ns_bucket,Q1,15,15,0,False,1.0,0.5104556997617086,-0.48954430023829143,-0.008333333333333333,0.5333333333333333,-6.25,84.375,-90.625
DEVELOPMENT,DEVELOPMENT_DIAGNOSTIC,M3T,bid,simulated_time_to_fill_ns_bucket,Q2,14,14,0,False,1.0,0.44071096793881487,-0.5592890320611852,0.03571428571428571,0.35714285714285715,25.0,78.75,-53.75
DEVELOPMENT,DEVELOPMENT_DIAGNOSTIC,M3T,bid,simulated_time_to_fill_ns_bucket,Q3,14,14,0,False,1.0,0.39647118747234344,-0.6035288125276566,-0.017857142857142856,0.5714285714285714,-12.5,78.75,-91.25
DEVELOPMENT,DEVELOPMENT_DIAGNOSTIC,M3T,bid,simulated_time_to_fill_ns_bucket,Q4,15,15,0,False,1.0,0.39522042001287144,-0.6047795799871286,0.058333333333333334,0.26666666666666666,43.75,84.375,-40.625
DEVELOPMENT,DEVELOPMENT_DIAGNOSTIC,M3T,bid,simulated_time_to_fill_ns_bucket,<NA>,185,0,185,True,0.0,0.22335760712220862,0.22335760712220862,,,0.0,0.0,0.0
DEVELOPMENT,DEVELOPMENT_DIAGNOSTIC,M3T,bid,predicted_adverse_score_bucket,Q1,61,12,49,True,0.19672131147540983,0.20295398926637212,0.006232677790962282,-0.020833333333333332,0.5833333333333334,-12.5,67.5,-80.0
DEVELOPMENT,DEVELOPMENT_DIAGNOSTIC,M3T,bid,predicted_adverse_score_bucket,Q2,61,13,48,True,0.21311475409836064,0.20173693564338763,-0.011377818454973033,0.04807692307692308,0.3076923076923077,31.25,73.125,-41.875
DEVELOPMENT,DEVELOPMENT_DIAGNOSTIC,M3T,bid,predicted_adverse_score_bucket,Q3,60,16,44,True,0.26666666666666666,0.3063219465315342,0.039655279864867526,0.015625,0.4375,12.5,90.0,-77.5
DEVELOPMENT,DEVELOPMENT_DIAGNOSTIC,M3T,bid,predicted_adverse_score_bucket,Q4,61,17,44,True,0.2786885245901639,0.3862522307966576,0.10756370620649369,0.022058823529411766,0.4117647058823529,18.75,95.625,-76.875
DEVELOPMENT,DEVELOPMENT_DIAGNOSTIC,M3T,bid,expected_markout_ticks_bucket,Q1,61,37,24,True,0.6065573770491803,0.5312067455932742,-0.0753506314559061,-0.0033783783783783786,0.5135135135135135,-6.25,208.125,-214.375
DEVELOPMENT,DEVELOPMENT_DIAGNOSTIC,M3T,bid,expected_markout_ticks_bucket,Q2,61,10,51,True,0.16393442622950818,0.31696439522211667,0.15302996899260848,0.05,0.3,25.0,56.25,-31.25
DEVELOPMENT,DEVELOPMENT_DIAGNOSTIC,M3T,bid,expected_markout_ticks_bucket,Q3,60,6,54,True,0.1,0.16699188736577827,0.06699188736577828,0.0,0.5,0.0,33.75,-33.75
DEVELOPMENT,DEVELOPMENT_DIAGNOSTIC,M3T,bid,expected_markout_ticks_bucket,Q4,61,5,56,True,0.08196721311475409,0.0798179747261962,-0.0021492383885579032,0.125,0.0,31.25,28.125,3.125
DEVELOPMENT,DEVELOPMENT_DIAGNOSTIC,M3T,bid,predicted_economic_edge_ticks_bucket,Q1,61,35,26,True,0.5737704918032787,0.5187001624068276,-0.05507032939645111,0.0035714285714285713,0.4857142857142857,6.25,196.875,-190.625
DEVELOPMENT,DEVELOPMENT_DIAGNOSTIC,M3T,bid,predicted_economic_edge_ticks_bucket,Q2,61,8,53,True,0.13114754098360656,0.14304595684907476,0.011898415865468198,0.0,0.5,0.0,45.0,-45.0
DEVELOPMENT,DEVELOPMENT_DIAGNOSTIC,M3T,bid,predicted_economic_edge_ticks_bucket,Q3,60,7,53,True,0.11666666666666667,0.18835220094770194,0.07168553428103526,0.08928571428571429,0.14285714285714285,31.25,39.375,-8.125
DEVELOPMENT,DEVELOPMENT_DIAGNOSTIC,M3T,bid,predicted_economic_edge_ticks_bucket,Q4,61,8,53,True,0.13114754098360656,0.24523285177887463,0.11408531079526807,0.03125,0.375,12.5,45.0,-32.5
DEVELOPMENT,DEVELOPMENT_DIAGNOSTIC,M3T,bid,model_disagreement_class,BOTH_CORRECT,117,22,95,True,0.18803418803418803,0.27372760004085356,0.0856934120066655,0.06818181818181818,0.22727272727272727,75.0,123.75,-48.75
DEVELOPMENT,DEVELOPMENT_DIAGNOSTIC,M3T,bid,model_disagreement_class,BOTH_WRONG,62,19,43,True,0.3064516129032258,0.28163436656036683,-0.02481724634285896,-0.05921052631578947,0.7368421052631579,-56.25,106.875,-163.125
DEVELOPMENT,DEVELOPMENT_DIAGNOSTIC,M3T,bid,model_disagreement_class,M3T_CORRECT_XGB_WRONG,24,9,15,False,0.375,0.3328042073796193,-0.04219579262038072,0.06944444444444445,0.2222222222222222,31.25,50.625,-19.375
DEVELOPMENT,DEVELOPMENT_DIAGNOSTIC,M3T,bid,model_disagreement_class,M3T_WRONG_XGB_CORRECT,40,8,32,True,0.2,0.22880220953375102,0.02880220953375101,0.0,0.5,0.0,45.0,-45.0
DEVELOPMENT,DEVELOPMENT_DIAGNOSTIC,M3T,ask,side,ask,243,76,167,True,0.31275720164609055,0.29215717242087846,-0.020600029225212067,-0.003289473684210526,0.5131578947368421,-12.5,427.5,-440.0
DEVELOPMENT,DEVELOPMENT_DIAGNOSTIC,M3T,ask,fill_status,FILL,76,76,0,True,1.0,0.38134692491669403,-0.6186530750833059,-0.003289473684210526,0.5131578947368421,-12.5,427.5,-440.0
DEVELOPMENT,DEVELOPMENT_DIAGNOSTIC,M3T,ask,fill_status,NO_FILL,167,0,167,True,0.0,0.251567823979669,0.251567823979669,,,0.0,0.0,0.0
DEVELOPMENT,DEVELOPMENT_DIAGNOSTIC,M3T,ask,predicted_fill_probability_bucket,Q1,61,4,57,True,0.06557377049180328,0.1396160606966644,0.07404229020486112,0.0625,0.25,12.5,22.5,-10.0
DEVELOPMENT,DEVELOPMENT_DIAGNOSTIC,M3T,ask,predicted_fill_probability_bucket,Q2,61,11,50,True,0.18032786885245902,0.2337922524721896,0.05346438361973059,-0.056818181818181816,0.7272727272727273,-31.25,61.875,-93.125
DEVELOPMENT,DEVELOPMENT_DIAGNOSTIC,M3T,ask,predicted_fill_probability_bucket,Q3,60,20,40,True,0.3333333333333333,0.34119859735171,0.007865264018376669,0.0125,0.45,12.5,112.5,-100.0
DEVELOPMENT,DEVELOPMENT_DIAGNOSTIC,M3T,ask,predicted_fill_probability_bucket,Q4,61,41,20,True,0.6721311475409836,0.4548257369487012,-0.2173054105922824,-0.003048780487804878,0.5121951219512195,-6.25,230.625,-236.875
DEVELOPMENT,DEVELOPMENT_DIAGNOSTIC,M3T,ask,simulated_time_to_fill_ns_bucket,Q1,19,19,0,False,1.0,0.43350449204444885,-0.5664955079555511,-0.006578947368421052,0.5263157894736842,-6.25,106.875,-113.125
DEVELOPMENT,DEVELOPMENT_DIAGNOSTIC,M3T,ask,simulated_time_to_fill_ns_bucket,Q2,19,19,0,False,1.0,0.34478298613899633,-0.6552170138610037,0.006578947368421052,0.47368421052631576,6.25,106.875,-100.625
DEVELOPMENT,DEVELOPMENT_DIAGNOSTIC,M3T,ask,simulated_time_to_fill_ns_bucket,Q3,19,19,0,False,1.0,0.3692220418076766,-0.6307779581923234,0.019736842105263157,0.42105263157894735,18.75,106.875,-88.125
DEVELOPMENT,DEVELOPMENT_DIAGNOSTIC,M3T,ask,simulated_time_to_fill_ns_bucket,Q4,19,19,0,False,1.0,0.37787817967565435,-0.6221218203243456,-0.03289473684210526,0.631578947368421,-31.25,106.875,-138.125
DEVELOPMENT,DEVELOPMENT_DIAGNOSTIC,M3T,ask,simulated_time_to_fill_ns_bucket,<NA>,167,0,167,True,0.0,0.251567823979669,0.251567823979669,,,0.0,0.0,0.0
DEVELOPMENT,DEVELOPMENT_DIAGNOSTIC,M3T,ask,predicted_adverse_score_bucket,Q1,61,39,22,True,0.639344262295082,0.41624500907835416,-0.22309925321672783,0.003205128205128205,0.48717948717948717,6.25,219.375,-213.125
DEVELOPMENT,DEVELOPMENT_DIAGNOSTIC,M3T,ask,predicted_adverse_score_bucket,Q2,61,23,38,True,0.3770491803278688,0.3400563741805124,-0.036992806147356505,-0.02717391304347826,0.6086956521739131,-31.25,129.375,-160.625
DEVELOPMENT,DEVELOPMENT_DIAGNOSTIC,M3T,ask,predicted_adverse_score_bucket,Q3,60,10,50,True,0.16666666666666666,0.2388992805033922,0.07223261383672555,0.0,0.5,0.0,56.25,-56.25
DEVELOPMENT,DEVELOPMENT_DIAGNOSTIC,M3T,ask,predicted_adverse_score_bucket,Q4,61,4,57,True,0.06557377049180328,0.17255494572588656,0.10698117523408326,0.0625,0.25,12.5,22.5,-10.0
DEVELOPMENT,DEVELOPMENT_DIAGNOSTIC,M3T,ask,expected_markout_ticks_bucket,Q1,61,40,21,True,0.6557377049180327,0.43158986358368984,-0.22414784133434296,-0.0125,0.55,-25.0,225.0,-250.0
DEVELOPMENT,DEVELOPMENT_DIAGNOSTIC,M3T,ask,expected_markout_ticks_bucket,Q2,61,25,36,True,0.4098360655737705,0.30417875628002355,-0.10565730929374695,0.005,0.48,6.25,140.625,-134.375
DEVELOPMENT,DEVELOPMENT_DIAGNOSTIC,M3T,ask,expected_markout_ticks_bucket,Q3,60,8,52,True,0.13333333333333333,0.24974846417705218,0.11641513084371885,0.0,0.5,0.0,45.0,-45.0
DEVELOPMENT,DEVELOPMENT_DIAGNOSTIC,M3T,ask,expected_markout_ticks_bucket,Q4,61,3,58,True,0.04918032786885246,0.1824163809174397,0.13323605304858724,0.041666666666666664,0.3333333333333333,6.25,16.875,-10.625
DEVELOPMENT,DEVELOPMENT_DIAGNOSTIC,M3T,ask,predicted_economic_edge_ticks_bucket,Q1,61,40,21,True,0.6557377049180327,0.43158986358368984,-0.22414784133434296,-0.0125,0.55,-25.0,225.0,-250.0
DEVELOPMENT,DEVELOPMENT_DIAGNOSTIC,M3T,ask,predicted_economic_edge_ticks_bucket,Q2,61,19,42,True,0.3114754098360656,0.27014531586013857,-0.04133009397592701,0.019736842105263157,0.42105263157894735,18.75,106.875,-88.125
DEVELOPMENT,DEVELOPMENT_DIAGNOSTIC,M3T,ask,predicted_economic_edge_ticks_bucket,Q3,60,9,51,True,0.15,0.1949955053627491,0.0449955053627491,-0.041666666666666664,0.6666666666666666,-18.75,50.625,-69.375
DEVELOPMENT,DEVELOPMENT_DIAGNOSTIC,M3T,ask,predicted_economic_edge_ticks_bucket,Q4,61,8,53,True,0.13114754098360656,0.2703051906628687,0.13915764967926214,0.03125,0.375,12.5,45.0,-32.5
DEVELOPMENT,DEVELOPMENT_DIAGNOSTIC,M3T,ask,model_disagreement_class,BOTH_CORRECT,117,28,89,True,0.23931623931623933,0.29313486884547096,0.05381862952923163,0.03571428571428571,0.35714285714285715,50.0,157.5,-107.5
DEVELOPMENT,DEVELOPMENT_DIAGNOSTIC,M3T,ask,model_disagreement_class,BOTH_WRONG,62,27,35,True,0.43548387096774194,0.28610456999271144,-0.14937930097503047,-0.09722222222222222,0.8888888888888888,-131.25,151.875,-283.125
DEVELOPMENT,DEVELOPMENT_DIAGNOSTIC,M3T,ask,model_disagreement_class,M3T_CORRECT_XGB_WRONG,24,5,19,False,0.20833333333333334,0.2564090611413121,0.04807572780797879,0.025,0.4,6.25,28.125,-21.875
DEVELOPMENT,DEVELOPMENT_DIAGNOSTIC,M3T,ask,model_disagreement_class,M3T_WRONG_XGB_CORRECT,40,16,24,True,0.4,0.32012781091034415,-0.07987218908965588,0.078125,0.1875,62.5,90.0,-27.5
DEVELOPMENT,DEVELOPMENT_DIAGNOSTIC,XGBOOST,bid,side,bid,243,58,185,True,0.23868312757201646,0.2268705621530367,-0.01181256541897976,0.017241379310344827,0.43103448275862066,50.0,326.25,-276.25
DEVELOPMENT,DEVELOPMENT_DIAGNOSTIC,XGBOOST,bid,fill_status,FILL,58,58,0,True,1.0,0.4191391288206495,-0.5808608711793505,0.017241379310344827,0.43103448275862066,50.0,326.25,-276.25
DEVELOPMENT,DEVELOPMENT_DIAGNOSTIC,XGBOOST,bid,fill_status,NO_FILL,185,0,185,True,0.0,0.1665917682788662,0.1665917682788662,,,0.0,0.0,0.0
DEVELOPMENT,DEVELOPMENT_DIAGNOSTIC,XGBOOST,bid,predicted_fill_probability_bucket,Q1,61,4,57,True,0.06557377049180328,0.05228772573173046,-0.013286044760072818,0.0625,0.25,12.5,22.5,-10.0
DEVELOPMENT,DEVELOPMENT_DIAGNOSTIC,XGBOOST,bid,predicted_fill_probability_bucket,Q2,61,5,56,True,0.08196721311475409,0.10516006731596149,0.023192854201207397,0.125,0.0,31.25,28.125,3.125
DEVELOPMENT,DEVELOPMENT_DIAGNOSTIC,XGBOOST,bid,predicted_fill_probability_bucket,Q3,60,12,48,True,0.2,0.20539205347498257,0.005392053474982579,-0.020833333333333332,0.5833333333333334,-12.5,67.5,-80.0
DEVELOPMENT,DEVELOPMENT_DIAGNOSTIC,XGBOOST,bid,predicted_fill_probability_bucket,Q4,61,37,24,True,0.6065573770491803,0.5442902953898321,-0.062267081659348286,0.010135135135135136,0.4594594594594595,18.75,208.125,-189.375
DEVELOPMENT,DEVELOPMENT_DIAGNOSTIC,XGBOOST,bid,simulated_time_to_fill_ns_bucket,Q1,15,15,0,False,1.0,0.5178016329805056,-0.48219836701949437,-0.008333333333333333,0.5333333333333333,-6.25,84.375,-90.625
DEVELOPMENT,DEVELOPMENT_DIAGNOSTIC,XGBOOST,bid,simulated_time_to_fill_ns_bucket,Q2,14,14,0,False,1.0,0.3952812137348311,-0.6047187862651688,0.03571428571428571,0.35714285714285715,25.0,78.75,-53.75
DEVELOPMENT,DEVELOPMENT_DIAGNOSTIC,XGBOOST,bid,simulated_time_to_fill_ns_bucket,Q3,14,14,0,False,1.0,0.3927751289946692,-0.6072248710053307,-0.017857142857142856,0.5714285714285714,-12.5,78.75,-91.25
DEVELOPMENT,DEVELOPMENT_DIAGNOSTIC,XGBOOST,bid,simulated_time_to_fill_ns_bucket,Q4,15,15,0,False,1.0,0.36735041191180545,-0.6326495880881945,0.058333333333333334,0.26666666666666666,43.75,84.375,-40.625
DEVELOPMENT,DEVELOPMENT_DIAGNOSTIC,XGBOOST,bid,simulated_time_to_fill_ns_bucket,<NA>,185,0,185,True,0.0,0.1665917682788662,0.1665917682788662,,,0.0,0.0,0.0
DEVELOPMENT,DEVELOPMENT_DIAGNOSTIC,XGBOOST,bid,predicted_adverse_score_bucket,Q1,61,11,50,True,0.18032786885245902,0.11532850187943607,-0.06499936697302294,0.07954545454545454,0.18181818181818182,43.75,61.875,-18.125
DEVELOPMENT,DEVELOPMENT_DIAGNOSTIC,XGBOOST,bid,predicted_adverse_score_bucket,Q2,61,9,52,True,0.14754098360655737,0.1533943775613777,0.00585339395482032,0.041666666666666664,0.3333333333333333,18.75,50.625,-31.875
DEVELOPMENT,DEVELOPMENT_DIAGNOSTIC,XGBOOST,bid,predicted_adverse_score_bucket,Q3,60,10,50,True,0.16666666666666666,0.21617133356630802,0.04950466689964136,-0.025,0.6,-12.5,56.25,-68.75
DEVELOPMENT,DEVELOPMENT_DIAGNOSTIC,XGBOOST,bid,predicted_adverse_score_bucket,Q4,61,28,33,True,0.45901639344262296,0.42241263841507865,-0.0366037550275443,0.0,0.5,0.0,157.5,-157.5
DEVELOPMENT,DEVELOPMENT_DIAGNOSTIC,XGBOOST,bid,expected_markout_ticks_bucket,Q1,61,28,33,True,0.45901639344262296,0.42241263841507865,-0.0366037550275443,0.0,0.5,0.0,157.5,-157.5
DEVELOPMENT,DEVELOPMENT_DIAGNOSTIC,XGBOOST,bid,expected_markout_ticks_bucket,Q2,61,11,50,True,0.18032786885245902,0.2200467360557103,0.03971886720325126,-0.03409090909090909,0.6363636363636364,-18.75,61.875,-80.625
DEVELOPMENT,DEVELOPMENT_DIAGNOSTIC,XGBOOST,bid,expected_markout_ticks_bucket,Q3,60,8,52,True,0.13333333333333333,0.14840810243040323,0.015074769097069899,0.0625,0.25,25.0,45.0,-20.0
DEVELOPMENT,DEVELOPMENT_DIAGNOSTIC,XGBOOST,bid,expected_markout_ticks_bucket,Q4,61,11,50,True,0.18032786885245902,0.11532850187943607,-0.06499936697302294,0.07954545454545454,0.18181818181818182,43.75,61.875,-18.125
DEVELOPMENT,DEVELOPMENT_DIAGNOSTIC,XGBOOST,bid,predicted_economic_edge_ticks_bucket,Q1,61,30,31,True,0.4918032786885246,0.5080903687926589,0.016287090104134358,0.0,0.5,0.0,168.75,-168.75
DEVELOPMENT,DEVELOPMENT_DIAGNOSTIC,XGBOOST,bid,predicted_economic_edge_ticks_bucket,Q2,61,12,49,True,0.19672131147540983,0.18152957311907753,-0.01519173835633231,-0.020833333333333332,0.5833333333333334,-12.5,67.5,-80.0
DEVELOPMENT,DEVELOPMENT_DIAGNOSTIC,XGBOOST,bid,predicted_economic_edge_ticks_bucket,Q3,60,3,57,True,0.05,0.08184776188184818,0.03184776188184817,0.041666666666666664,0.3333333333333333,6.25,16.875,-10.625
DEVELOPMENT,DEVELOPMENT_DIAGNOSTIC,XGBOOST,bid,predicted_economic_edge_ticks_bucket,Q4,61,13,48,True,0.21311475409836064,0.13363712186329677,-0.07947763223506388,0.08653846153846154,0.15384615384615385,56.25,73.125,-16.875
DEVELOPMENT,DEVELOPMENT_DIAGNOSTIC,XGBOOST,bid,model_disagreement_class,BOTH_CORRECT,117,22,95,True,0.18803418803418803,0.20959843528003264,0.021564247245844614,0.06818181818181818,0.22727272727272727,75.0,123.75,-48.75
DEVELOPMENT,DEVELOPMENT_DIAGNOSTIC,XGBOOST,bid,model_disagreement_class,BOTH_WRONG,62,19,43,True,0.3064516129032258,0.2354252808276684,-0.0710263320755574,-0.05921052631578947,0.7368421052631579,-56.25,106.875,-163.125
DEVELOPMENT,DEVELOPMENT_DIAGNOSTIC,XGBOOST,bid,model_disagreement_class,M3T_CORRECT_XGB_WRONG,24,9,15,False,0.375,0.34303079871460795,-0.031969201285392046,0.06944444444444445,0.2222222222222222,31.25,50.625,-19.375
DEVELOPMENT,DEVELOPMENT_DIAGNOSTIC,XGBOOST,bid,model_disagreement_class,M3T_WRONG_XGB_CORRECT,40,8,32,True,0.2,0.19443557737395167,-0.005564422626048326,0.0,0.5,0.0,45.0,-45.0
DEVELOPMENT,DEVELOPMENT_DIAGNOSTIC,XGBOOST,ask,side,ask,243,76,167,True,0.31275720164609055,0.26794845967289105,-0.04480874197319947,-0.003289473684210526,0.5131578947368421,-12.5,427.5,-440.0
DEVELOPMENT,DEVELOPMENT_DIAGNOSTIC,XGBOOST,ask,fill_status,FILL,76,76,0,True,1.0,0.37991420966327977,-0.6200857903367203,-0.003289473684210526,0.5131578947368421,-12.5,427.5,-440.0
DEVELOPMENT,DEVELOPMENT_DIAGNOSTIC,XGBOOST,ask,fill_status,NO_FILL,167,0,167,True,0.0,0.21699398662337285,0.21699398662337285,,,0.0,0.0,0.0
DEVELOPMENT,DEVELOPMENT_DIAGNOSTIC,XGBOOST,ask,predicted_fill_probability_bucket,Q1,61,6,55,True,0.09836065573770492,0.07611459460048402,-0.0222460611372209,0.041666666666666664,0.3333333333333333,12.5,33.75,-21.25
DEVELOPMENT,DEVELOPMENT_DIAGNOSTIC,XGBOOST,ask,predicted_fill_probability_bucket,Q2,61,10,51,True,0.16393442622950818,0.16788996927073743,0.003955543041229248,-0.025,0.6,-12.5,56.25,-68.75
DEVELOPMENT,DEVELOPMENT_DIAGNOSTIC,XGBOOST,ask,predicted_fill_probability_bucket,Q3,60,26,34,True,0.43333333333333335,0.2935887299478054,-0.13974460338552794,-0.028846153846153848,0.6153846153846154,-37.5,146.25,-183.75
DEVELOPMENT,DEVELOPMENT_DIAGNOSTIC,XGBOOST,ask,predicted_fill_probability_bucket,Q4,61,34,27,True,0.5573770491803278,0.5346208771721261,-0.022756172008201726,0.014705882352941176,0.4411764705882353,25.0,191.25,-166.25
DEVELOPMENT,DEVELOPMENT_DIAGNOSTIC,XGBOOST,ask,simulated_time_to_fill_ns_bucket,Q1,19,19,0,False,1.0,0.4304878476418947,-0.5695121523581053,-0.006578947368421052,0.5263157894736842,-6.25,106.875,-113.125
DEVELOPMENT,DEVELOPMENT_DIAGNOSTIC,XGBOOST,ask,simulated_time_to_fill_ns_bucket,Q2,19,19,0,False,1.0,0.38513310802610295,-0.614866891973897,0.006578947368421052,0.47368421052631576,6.25,106.875,-100.625
DEVELOPMENT,DEVELOPMENT_DIAGNOSTIC,XGBOOST,ask,simulated_time_to_fill_ns_bucket,Q3,19,19,0,False,1.0,0.34815752663110433,-0.6518424733688957,0.019736842105263157,0.42105263157894735,18.75,106.875,-88.125
DEVELOPMENT,DEVELOPMENT_DIAGNOSTIC,XGBOOST,ask,simulated_time_to_fill_ns_bucket,Q4,19,19,0,False,1.0,0.355878356354017,-0.644121643645983,-0.03289473684210526,0.631578947368421,-31.25,106.875,-138.125
DEVELOPMENT,DEVELOPMENT_DIAGNOSTIC,XGBOOST,ask,simulated_time_to_fill_ns_bucket,<NA>,167,0,167,True,0.0,0.21699398662337285,0.21699398662337285,,,0.0,0.0,0.0
DEVELOPMENT,DEVELOPMENT_DIAGNOSTIC,XGBOOST,ask,predicted_adverse_score_bucket,Q1,61,5,56,True,0.08196721311475409,0.13707367965921027,0.05510646654445617,0.025,0.4,6.25,28.125,-21.875
DEVELOPMENT,DEVELOPMENT_DIAGNOSTIC,XGBOOST,ask,predicted_adverse_score_bucket,Q2,61,12,49,True,0.19672131147540983,0.20647056147334028,0.009749249997930448,-0.020833333333333332,0.5833333333333334,-12.5,67.5,-80.0
DEVELOPMENT,DEVELOPMENT_DIAGNOSTIC,XGBOOST,ask,predicted_adverse_score_bucket,Q3,60,19,41,True,0.31666666666666665,0.28273510237534843,-0.03393156429131826,-0.019736842105263157,0.5789473684210527,-18.75,106.875,-125.625
DEVELOPMENT,DEVELOPMENT_DIAGNOSTIC,XGBOOST,ask,predicted_adverse_score_bucket,Q4,61,40,21,True,0.6557377049180327,0.4457568991623941,-0.20998080575563868,0.00625,0.475,12.5,225.0,-212.5
DEVELOPMENT,DEVELOPMENT_DIAGNOSTIC,XGBOOST,ask,expected_markout_ticks_bucket,Q1,61,40,21,True,0.6557377049180327,0.4457568991623941,-0.20998080575563868,0.00625,0.475,12.5,225.0,-212.5
DEVELOPMENT,DEVELOPMENT_DIAGNOSTIC,XGBOOST,ask,expected_markout_ticks_bucket,Q2,61,19,42,True,0.3114754098360656,0.27902511311847655,-0.03245029671758902,-0.019736842105263157,0.5789473684210527,-18.75,106.875,-125.625
DEVELOPMENT,DEVELOPMENT_DIAGNOSTIC,XGBOOST,ask,expected_markout_ticks_bucket,Q3,60,12,48,True,0.2,0.2089713082027932,0.008971308202793201,-0.020833333333333332,0.5833333333333334,-12.5,67.5,-80.0
DEVELOPMENT,DEVELOPMENT_DIAGNOSTIC,XGBOOST,ask,expected_markout_ticks_bucket,Q4,61,5,56,True,0.08196721311475409,0.13707367965921027,0.05510646654445617,0.025,0.4,6.25,28.125,-21.875
DEVELOPMENT,DEVELOPMENT_DIAGNOSTIC,XGBOOST,ask,predicted_economic_edge_ticks_bucket,Q1,61,38,23,True,0.6229508196721312,0.3974329162022618,-0.22551790346986936,0.0,0.5,0.0,213.75,-213.75
DEVELOPMENT,DEVELOPMENT_DIAGNOSTIC,XGBOOST,ask,predicted_economic_edge_ticks_bucket,Q2,61,12,49,True,0.19672131147540983,0.15480323514488878,-0.04191807633052107,0.020833333333333332,0.4166666666666667,12.5,67.5,-55.0
DEVELOPMENT,DEVELOPMENT_DIAGNOSTIC,XGBOOST,ask,predicted_economic_edge_ticks_bucket,Q3,60,11,49,True,0.18333333333333332,0.2089679564659794,0.025634623132646084,-0.011363636363636364,0.5454545454545454,-6.25,61.875,-68.125
DEVELOPMENT,DEVELOPMENT_DIAGNOSTIC,XGBOOST,ask,predicted_economic_edge_ticks_bucket,Q4,61,15,46,True,0.2459016393442623,0.309622837383239,0.0637211980389767,-0.025,0.6,-18.75,84.375,-103.125
DEVELOPMENT,DEVELOPMENT_DIAGNOSTIC,XGBOOST,ask,model_disagreement_class,BOTH_CORRECT,117,28,89,True,0.23931623931623933,0.2733112399935977,0.03399500067735839,0.03571428571428571,0.35714285714285715,50.0,157.5,-107.5
DEVELOPMENT,DEVELOPMENT_DIAGNOSTIC,XGBOOST,ask,model_disagreement_class,BOTH_WRONG,62,27,35,True,0.43548387096774194,0.25058097623649145,-0.1849028947312505,-0.09722222222222222,0.8888888888888888,-131.25,151.875,-283.125
DEVELOPMENT,DEVELOPMENT_DIAGNOSTIC,XGBOOST,ask,model_disagreement_class,M3T_CORRECT_XGB_WRONG,24,5,19,False,0.20833333333333334,0.25819958047941327,0.049866247146079935,0.025,0.4,6.25,28.125,-21.875
DEVELOPMENT,DEVELOPMENT_DIAGNOSTIC,XGBOOST,ask,model_disagreement_class,M3T_WRONG_XGB_CORRECT,40,16,24,True,0.4,0.2850312540773302,-0.11496874592266977,0.078125,0.1875,62.5,90.0,-27.5
FINAL_POSTHOC_ONLY,EXPLORATORY_POSTHOC,M3T,bid,side,bid,3207,1007,2200,True,0.31400062363579667,0.37795098220553247,0.0639503585697358,-0.002224428997020863,0.5650446871896723,-2.240000000000009,8.5595,-10.79950000000001
FINAL_POSTHOC_ONLY,EXPLORATORY_POSTHOC,M3T,bid,fill_status,FILL,1007,1007,0,True,1.0,0.3814723569373051,-0.6185276430626949,-0.002224428997020863,0.5650446871896723,-2.240000000000009,8.559500000000003,-10.799500000000013
FINAL_POSTHOC_ONLY,EXPLORATORY_POSTHOC,M3T,bid,fill_status,NO_FILL,2200,0,2200,True,0.0,0.3763391529533075,0.3763391529533075,,,0.0,0.0,0.0
FINAL_POSTHOC_ONLY,EXPLORATORY_POSTHOC,M3T,bid,predicted_fill_probability_bucket,Q1,825,258,567,True,0.31272727272727274,0.03891111673977306,-0.27381615598749964,-0.0026550387596894908,0.5658914728682171,-0.6849999999998886,2.1930000000000005,-2.877999999999889
FINAL_POSTHOC_ONLY,EXPLORATORY_POSTHOC,M3T,bid,predicted_fill_probability_bucket,Q2,395,112,283,True,0.28354430379746837,0.1662611797451973,-0.11728312405227106,-0.0009821428571427252,0.5357142857142857,-0.10999999999998522,0.952,-1.0619999999999852
FINAL_POSTHOC_ONLY,EXPLORATORY_POSTHOC,M3T,bid,predicted_fill_probability_bucket,Q3,584,189,395,True,0.3236301369863014,0.3141347116037999,-0.009495425382501458,-0.0017989417989415163,0.5502645502645502,-0.33999999999994657,1.6065,-1.9464999999999468
FINAL_POSTHOC_ONLY,EXPLORATORY_POSTHOC,M3T,bid,predicted_fill_probability_bucket,Q4,1403,448,955,True,0.31931575196008555,0.6634777555572757,0.3441620035971902,-0.0024665178571432783,0.578125,-1.1050000000001887,3.808,-4.913000000000189
FINAL_POSTHOC_ONLY,EXPLORATORY_POSTHOC,M3T,bid,simulated_time_to_fill_ns_bucket,Q1,174,174,0,True,1.0,0.3502913335654754,-0.6497086664345246,-0.0025862068965514956,0.5,-0.4499999999999602,1.479,-1.9289999999999605
FINAL_POSTHOC_ONLY,EXPLORATORY_POSTHOC,M3T,bid,simulated_time_to_fill_ns_bucket,Q2,296,296,0,True,1.0,0.3794267235056529,-0.6205732764943471,-0.0015709459459460535,0.5371621621621622,-0.46500000000003183,2.5160000000000005,-2.9810000000000323
FINAL_POSTHOC_ONLY,EXPLORATORY_POSTHOC,M3T,bid,simulated_time_to_fill_ns_bucket,Q3,210,210,0,True,1.0,0.38956643176426,-0.61043356823574,-0.0013095238095232951,0.5857142857142857,-0.274999999999892,1.7850000000000006,-2.0599999999998926
FINAL_POSTHOC_ONLY,EXPLORATORY_POSTHOC,M3T,bid,simulated_time_to_fill_ns_bucket,Q4,327,327,0,True,1.0,0.3947177693189775,-0.6052822306810225,-0.003211009174312309,0.6116207951070336,-1.050000000000125,2.7795000000000005,-3.8295000000001256
FINAL_POSTHOC_ONLY,EXPLORATORY_POSTHOC,M3T,bid,simulated_time_to_fill_ns_bucket,<NA>,2200,0,2200,True,0.0,0.3763391529533075,0.3763391529533075,,,0.0,0.0,0.0
FINAL_POSTHOC_ONLY,EXPLORATORY_POSTHOC,M3T,bid,predicted_adverse_score_bucket,Q1,2739,849,1890,True,0.3099671412924425,0.3454426874165164,0.03547554612407392,-0.0023498233215548093,0.5795053003533569,-1.995000000000033,7.2165,-9.211500000000033
FINAL_POSTHOC_ONLY,EXPLORATORY_POSTHOC,M3T,bid,predicted_adverse_score_bucket,Q2,68,29,39,True,0.4264705882352941,0.509500228553353,0.08302964031805887,-0.0018965517241371862,0.5862068965517241,-0.0549999999999784,0.24650000000000002,-0.30149999999997845
FINAL_POSTHOC_ONLY,EXPLORATORY_POSTHOC,M3T,bid,predicted_adverse_score_bucket,Q3,70,29,41,True,0.4142857142857143,0.4929805754750435,0.0786948611893292,-0.0006896551724082656,0.4482758620689655,-0.0199999999998397,0.2465,-0.2664999999998397
FINAL_POSTHOC_ONLY,EXPLORATORY_POSTHOC,M3T,bid,predicted_adverse_score_bucket,Q4,330,100,230,True,0.30303030303030304,0.5962624947709794,0.29323219174067633,-0.0017000000000015802,0.47,-0.17000000000015802,0.8500000000000001,-1.0200000000001581
FINAL_POSTHOC_ONLY,EXPLORATORY_POSTHOC,M3T,bid,expected_markout_ticks_bucket,Q1,928,293,635,True,0.31573275862068967,0.6153394784237053,0.2996067198030156,-0.0025085324232089166,0.5631399317406144,-0.7350000000002126,2.4905,-3.225500000000213
FINAL_POSTHOC_ONLY,EXPLORATORY_POSTHOC,M3T,bid,expected_markout_ticks_bucket,Q2,145,45,100,True,0.3103448275862069,0.4674996967074172,0.15715486912121032,-0.007111111111110328,0.6444444444444445,-0.31999999999996476,0.38250000000000006,-0.7024999999999648
FINAL_POSTHOC_ONLY,EXPLORATORY_POSTHOC,M3T,bid,expected_markout_ticks_bucket,Q3,151,48,103,True,0.31788079470198677,0.4519670750785446,0.13408628037655787,-0.0020833333333349913,0.625,-0.10000000000007958,0.40800000000000003,-0.5080000000000796
FINAL_POSTHOC_ONLY,EXPLORATORY_POSTHOC,M3T,bid,expected_markout_ticks_bucket,Q4,1983,621,1362,True,0.31316187594553707,0.2546743719599135,-0.05848750398562358,-0.00174718196457287,0.5555555555555556,-1.0849999999997522,5.278500000000001,-6.363499999999753
FINAL_POSTHOC_ONLY,EXPLORATORY_POSTHOC,M3T,bid,predicted_economic_edge_ticks_bucket,Q1,1533,488,1045,True,0.31833007175472927,0.4808135102160871,0.16248343846135782,-0.002592213114754129,0.569672131147541,-1.2650000000000148,4.148000000000001,-5.4130000000000145
FINAL_POSTHOC_ONLY,EXPLORATORY_POSTHOC,M3T,bid,predicted_economic_edge_ticks_bucket,Q2,119,41,78,True,0.3445378151260504,0.1208969574155552,-0.22364085771049522,-0.0030487804878041847,0.4878048780487805,-0.12499999999997158,0.34850000000000003,-0.4734999999999716
FINAL_POSTHOC_ONLY,EXPLORATORY_POSTHOC,M3T,bid,predicted_economic_edge_ticks_bucket,Q3,112,36,76,True,0.32142857142857145,0.13742482555764063,-0.1840037458709308,-0.0009722222222237065,0.5277777777777778,-0.03500000000005343,0.30600000000000005,-0.3410000000000535
FINAL_POSTHOC_ONLY,EXPLORATORY_POSTHOC,M3T,bid,predicted_economic_edge_ticks_bucket,Q4,1443,442,1001,True,0.3063063063063063,0.3085401042113474,0.0022337979050411254,-0.0018438914027148626,0.5701357466063348,-0.8149999999999693,3.7570000000000006,-4.57199999999997
FINAL_POSTHOC_ONLY,EXPLORATORY_POSTHOC,M3T,bid,model_disagreement_class,BOTH_CORRECT,154,50,104,True,0.3246753246753247,0.3698302434915812,0.04515491881625658,-0.00019999999999924966,0.4,-0.009999999999962483,0.42500000000000004,-0.4349999999999625
FINAL_POSTHOC_ONLY,EXPLORATORY_POSTHOC,M3T,bid,model_disagreement_class,BOTH_WRONG,1334,308,1026,True,0.23088455772113944,0.37739759210622426,0.1465130343850848,-0.0003084415584413702,0.4577922077922078,-0.09499999999994202,2.6180000000000003,-2.7129999999999423
FINAL_POSTHOC_ONLY,EXPLORATORY_POSTHOC,M3T,bid,model_disagreement_class,M3T_CORRECT_XGB_WRONG,865,467,398,True,0.5398843930635838,0.4038694674151228,-0.13601492564846096,-0.0053211991434697105,0.7687366167023555,-2.4850000000003547,3.9695,-6.4545000000003565
FINAL_POSTHOC_ONLY,EXPLORATORY_POSTHOC,M3T,bid,model_disagreement_class,M3T_WRONG_XGB_CORRECT,854,182,672,True,0.21311475409836064,0.35402747687547403,0.1409127227771133,0.0019230769230782973,0.2692307692307692,0.3500000000002501,1.5470000000000002,-1.19699999999975
FINAL_POSTHOC_ONLY,EXPLORATORY_POSTHOC,M3T,ask,side,ask,3207,984,2223,True,0.3068288119738073,0.37571266277504684,0.06888385080123956,-0.0013516260162609551,0.6056910569105691,-1.33000000000078,8.364,-9.69400000000078
FINAL_POSTHOC_ONLY,EXPLORATORY_POSTHOC,M3T,ask,fill_status,FILL,984,984,0,True,1.0,0.3701657664303028,-0.6298342335696971,-0.0013516260162609551,0.6056910569105691,-1.33000000000078,8.364000000000004,-9.694000000000782
FINAL_POSTHOC_ONLY,EXPLORATORY_POSTHOC,M3T,ask,fill_status,NO_FILL,2223,0,2223,True,0.0,0.378167969119279,0.378167969119279,,,0.0,0.0,0.0
FINAL_POSTHOC_ONLY,EXPLORATORY_POSTHOC,M3T,ask,predicted_fill_probability_bucket,Q1,751,234,517,True,0.31158455392809586,0.07339090088077069,-0.2381936530473252,-0.00023504273504434319,0.5512820512820513,-0.0550000000003763,1.9890000000000003,-2.0440000000003766
FINAL_POSTHOC_ONLY,EXPLORATORY_POSTHOC,M3T,ask,predicted_fill_probability_bucket,Q2,514,157,357,True,0.30544747081712065,0.23992307890018136,-0.06552439191693926,-0.001624203821656022,0.5796178343949044,-0.25499999999999545,1.3345,-1.5894999999999955
FINAL_POSTHOC_ONLY,EXPLORATORY_POSTHOC,M3T,ask,predicted_fill_probability_bucket,Q3,457,140,317,True,0.3063457330415755,0.3389144174640497,0.0325686844224742,-0.0023214285714295052,0.6285714285714286,-0.32500000000013074,1.19,-1.515000000000131
FINAL_POSTHOC_ONLY,EXPLORATORY_POSTHOC,M3T,ask,predicted_fill_probability_bucket,Q4,1485,453,1032,True,0.30505050505050507,0.5869290179275102,0.2818785128770051,-0.001534216335541451,0.6357615894039735,-0.6950000000002774,3.8505000000000003,-4.545500000000278
FINAL_POSTHOC_ONLY,EXPLORATORY_POSTHOC,M3T,ask,simulated_time_to_fill_ns_bucket,Q1,129,129,0,True,1.0,0.3859017596659414,-0.6140982403340586,0.0003488372093009067,0.5426356589147286,0.044999999999816964,1.0965,-1.051500000000183
FINAL_POSTHOC_ONLY,EXPLORATORY_POSTHOC,M3T,ask,simulated_time_to_fill_ns_bucket,Q2,301,301,0,True,1.0,0.3665979678665481,-0.6334020321334519,-0.0008471760797339209,0.5714285714285714,-0.2549999999999102,2.5585000000000004,-2.8134999999999106
FINAL_POSTHOC_ONLY,EXPLORATORY_POSTHOC,M3T,ask,simulated_time_to_fill_ns_bucket,Q3,336,336,0,True,1.0,0.3725536037294012,-0.6274463962705988,-0.0020386904761916674,0.6517857142857143,-0.6850000000004002,2.8560000000000008,-3.541000000000401
FINAL_POSTHOC_ONLY,EXPLORATORY_POSTHOC,M3T,ask,simulated_time_to_fill_ns_bucket,Q4,218,218,0,True,1.0,0.3620999449064299,-0.6379000550935701,-0.0019954128440380116,0.6192660550458715,-0.4350000000002865,1.8530000000000006,-2.288000000000287
FINAL_POSTHOC_ONLY,EXPLORATORY_POSTHOC,M3T,ask,simulated_time_to_fill_ns_bucket,<NA>,2223,0,2223,True,0.0,0.378167969119279,0.378167969119279,,,0.0,0.0,0.0
FINAL_POSTHOC_ONLY,EXPLORATORY_POSTHOC,M3T,ask,predicted_adverse_score_bucket,Q1,2055,609,1446,True,0.29635036496350364,0.33387431330322553,0.03752394833972191,-0.0013957307060765978,0.6108374384236454,-0.850000000000648,5.1765,-6.026500000000649
FINAL_POSTHOC_ONLY,EXPLORATORY_POSTHOC,M3T,ask,predicted_adverse_score_bucket,Q2,77,25,52,True,0.3246753246753247,0.36544561986025276,0.0407702951849281,-0.0005999999999971806,0.56,-0.014999999999929514,0.21250000000000002,-0.22749999999992954
FINAL_POSTHOC_ONLY,EXPLORATORY_POSTHOC,M3T,ask,predicted_adverse_score_bucket,Q3,132,40,92,True,0.30303030303030304,0.4130528409767783,0.11002253794647528,-0.00175000000000054,0.625,-0.0700000000000216,0.34,-0.4100000000000216
FINAL_POSTHOC_ONLY,EXPLORATORY_POSTHOC,M3T,ask,predicted_adverse_score_bucket,Q4,943,310,633,True,0.32873806998939553,0.4624989479780197,0.13376087798862416,-0.00127419354838768,0.5967741935483871,-0.39500000000018076,2.635,-3.0300000000001814
FINAL_POSTHOC_ONLY,EXPLORATORY_POSTHOC,M3T,ask,expected_markout_ticks_bucket,Q1,2469,724,1745,True,0.2932361279870393,0.4301618107594429,0.1369256827724036,-0.0021961325966856765,0.6408839779005525,-1.5900000000004297,6.154000000000001,-7.7440000000004305
FINAL_POSTHOC_ONLY,EXPLORATORY_POSTHOC,M3T,ask,expected_markout_ticks_bucket,Q2,137,43,94,True,0.31386861313868614,0.32548167458293537,0.01161306144424925,-0.0016279069767466713,0.5581395348837209,-0.07000000000010687,0.36550000000000005,-0.43550000000010686
FINAL_POSTHOC_ONLY,EXPLORATORY_POSTHOC,M3T,ask,expected_markout_ticks_bucket,Q3,106,44,62,True,0.41509433962264153,0.27527314986519,-0.13982118975745148,0.001250000000002093,0.5227272727272727,0.055000000000092086,0.374,-0.318999999999908
FINAL_POSTHOC_ONLY,EXPLORATORY_POSTHOC,M3T,ask,expected_markout_ticks_bucket,Q4,495,173,322,True,0.34949494949494947,0.1395374857594718,-0.2099574637354777,0.0015895953757206047,0.4913294797687861,0.2749999999996646,1.4705000000000001,-1.1955000000003355
FINAL_POSTHOC_ONLY,EXPLORATORY_POSTHOC,M3T,ask,predicted_economic_edge_ticks_bucket,Q1,2811,850,1961,True,0.3023834934187122,0.4163205584737117,0.11393706505499947,-0.0018470588235297714,0.6223529411764706,-1.5700000000003058,7.2250000000000005,-8.795000000000307
FINAL_POSTHOC_ONLY,EXPLORATORY_POSTHOC,M3T,ask,predicted_economic_edge_ticks_bucket,Q2,330,115,215,True,0.3484848484848485,0.03400850209186857,-0.3144763463929799,-4.201470089711897e-15,0.5304347826086957,-4.831690603168681e-13,0.9775000000000001,-0.9775000000004832
FINAL_POSTHOC_ONLY,EXPLORATORY_POSTHOC,M3T,ask,predicted_economic_edge_ticks_bucket,Q3,15,6,9,False,0.4,0.12188001833856106,-0.2781199816614389,0.0033333333333397754,0.3333333333333333,0.020000000000038654,0.051000000000000004,-0.03099999999996135
FINAL_POSTHOC_ONLY,EXPLORATORY_POSTHOC,M3T,ask,predicted_economic_edge_ticks_bucket,Q4,51,13,38,True,0.2549019607843137,0.4231845820505245,0.16828262126621077,0.01692307692307465,0.3076923076923077,0.21999999999997044,0.11050000000000001,0.10949999999997045
FINAL_POSTHOC_ONLY,EXPLORATORY_POSTHOC,M3T,ask,model_disagreement_class,BOTH_CORRECT,154,44,110,True,0.2857142857142857,0.469735648516936,0.1840213628026503,0.004545454545455579,0.3181818181818182,0.20000000000004547,0.374,-0.17399999999995455
FINAL_POSTHOC_ONLY,EXPLORATORY_POSTHOC,M3T,ask,model_disagreement_class,BOTH_WRONG,1334,613,721,True,0.45952023988005997,0.38897710590663004,-0.07054313397342993,-0.003711256117456029,0.7487765089722676,-2.2750000000005457,5.210500000000001,-7.485500000000547
FINAL_POSTHOC_ONLY,EXPLORATORY_POSTHOC,M3T,ask,model_disagreement_class,M3T_CORRECT_XGB_WRONG,865,158,707,True,0.18265895953757225,0.34674850736863255,0.1640895478310603,0.002974683544302891,0.3670886075949367,0.46999999999985675,1.3430000000000002,-0.8730000000001434
FINAL_POSTHOC_ONLY,EXPLORATORY_POSTHOC,M3T,ask,model_disagreement_class,M3T_WRONG_XGB_CORRECT,854,169,685,True,0.19789227166276346,0.36737506029819145,0.16948278863542798,0.0016272189349104355,0.38461538461538464,0.2749999999998636,1.4365,-1.1615000000001365
FINAL_POSTHOC_ONLY,EXPLORATORY_POSTHOC,XGBOOST,bid,side,bid,3207,1007,2200,True,0.31400062363579667,0.10152344956719916,-0.21247717406859754,-0.002224428997020863,0.5650446871896723,-2.240000000000009,8.5595,-10.79950000000001
FINAL_POSTHOC_ONLY,EXPLORATORY_POSTHOC,XGBOOST,bid,fill_status,FILL,1007,1007,0,True,1.0,0.11175536519136602,-0.888244634808634,-0.002224428997020863,0.5650446871896723,-2.240000000000009,8.559500000000003,-10.799500000000013
FINAL_POSTHOC_ONLY,EXPLORATORY_POSTHOC,XGBOOST,bid,fill_status,NO_FILL,2200,0,2200,True,0.0,0.09684002273377369,0.09684002273377369,,,0.0,0.0,0.0
FINAL_POSTHOC_ONLY,EXPLORATORY_POSTHOC,XGBOOST,bid,predicted_fill_probability_bucket,Q1,1333,369,964,True,0.2768192048012003,0.050097386454024534,-0.22672181834717578,-0.002222222222223359,0.6422764227642277,-0.8200000000004195,3.1365000000000003,-3.9565000000004193
FINAL_POSTHOC_ONLY,EXPLORATORY_POSTHOC,XGBOOST,bid,predicted_fill_probability_bucket,Q2,1281,400,881,True,0.312256049960968,0.10186115845421345,-0.21039489150675456,-0.0029624999999997926,0.5575,-1.184999999999917,3.4000000000000004,-4.584999999999917
FINAL_POSTHOC_ONLY,EXPLORATORY_POSTHOC,XGBOOST,bid,predicted_fill_probability_bucket,Q3,538,220,318,True,0.40892193308550184,0.19510025708316428,-0.2138216760023376,-0.0008636363636349323,0.45,-0.1899999999996851,1.87,-2.059999999999685
FINAL_POSTHOC_ONLY,EXPLORATORY_POSTHOC,XGBOOST,bid,predicted_fill_probability_bucket,Q4,55,18,37,True,0.32727272727272727,0.4246873514218764,0.09741462414914911,-0.0024999999999993053,0.5555555555555556,-0.044999999999987494,0.15300000000000002,-0.19799999999998752
FINAL_POSTHOC_ONLY,EXPLORATORY_POSTHOC,XGBOOST,bid,simulated_time_to_fill_ns_bucket,Q1,174,174,0,True,1.0,0.12155977905267613,-0.8784402209473239,-0.0025862068965514956,0.5,-0.4499999999999602,1.479,-1.9289999999999605
FINAL_POSTHOC_ONLY,EXPLORATORY_POSTHOC,XGBOOST,bid,simulated_time_to_fill_ns_bucket,Q2,296,296,0,True,1.0,0.11497703594205952,-0.8850229640579405,-0.0015709459459460535,0.5371621621621622,-0.46500000000003183,2.5160000000000005,-2.9810000000000323
FINAL_POSTHOC_ONLY,EXPLORATORY_POSTHOC,XGBOOST,bid,simulated_time_to_fill_ns_bucket,Q3,210,210,0,True,1.0,0.11883199289441108,-0.881168007105589,-0.0013095238095232951,0.5857142857142857,-0.274999999999892,1.7850000000000006,-2.0599999999998926
FINAL_POSTHOC_ONLY,EXPLORATORY_POSTHOC,XGBOOST,bid,simulated_time_to_fill_ns_bucket,Q4,327,327,0,True,1.0,0.09907746191395714,-0.9009225380860428,-0.003211009174312309,0.6116207951070336,-1.050000000000125,2.7795000000000005,-3.8295000000001256
FINAL_POSTHOC_ONLY,EXPLORATORY_POSTHOC,XGBOOST,bid,simulated_time_to_fill_ns_bucket,<NA>,2200,0,2200,True,0.0,0.09684002273377369,0.09684002273377369,,,0.0,0.0,0.0
FINAL_POSTHOC_ONLY,EXPLORATORY_POSTHOC,XGBOOST,bid,predicted_adverse_score_bucket,Q1,1696,497,1199,True,0.2930424528301887,0.09505810798475307,-0.1979843448454356,-0.002092555331992279,0.5814889336016097,-1.0400000000001626,4.224500000000001,-5.264500000000163
FINAL_POSTHOC_ONLY,EXPLORATORY_POSTHOC,XGBOOST,bid,predicted_adverse_score_bucket,Q2,812,268,544,True,0.33004926108374383,0.10655363976010328,-0.22349562132364056,-0.002164179104478295,0.5634328358208955,-0.580000000000183,2.278,-2.8580000000001835
FINAL_POSTHOC_ONLY,EXPLORATORY_POSTHOC,XGBOOST,bid,predicted_adverse_score_bucket,Q3,422,164,258,True,0.3886255924170616,0.11099059725736414,-0.2776349951596975,-0.002408536585364356,0.5609756097560976,-0.39499999999975444,1.3940000000000001,-1.7889999999997546
FINAL_POSTHOC_ONLY,EXPLORATORY_POSTHOC,XGBOOST,bid,predicted_adverse_score_bucket,Q4,277,78,199,True,0.2815884476534296,0.11194066459225618,-0.16964778306117342,-0.0028846153846142186,0.47435897435897434,-0.22499999999990905,0.663,-0.8879999999999091
FINAL_POSTHOC_ONLY,EXPLORATORY_POSTHOC,XGBOOST,bid,expected_markout_ticks_bucket,Q1,277,78,199,True,0.2815884476534296,0.11194066459225618,-0.16964778306117342,-0.0028846153846142186,0.47435897435897434,-0.22499999999990905,0.663,-0.8879999999999091
FINAL_POSTHOC_ONLY,EXPLORATORY_POSTHOC,XGBOOST,bid,expected_markout_ticks_bucket,Q2,422,164,258,True,0.3886255924170616,0.11099059725736414,-0.2776349951596975,-0.002408536585364356,0.5609756097560976,-0.39499999999975444,1.3940000000000001,-1.7889999999997546
FINAL_POSTHOC_ONLY,EXPLORATORY_POSTHOC,XGBOOST,bid,expected_markout_ticks_bucket,Q3,812,268,544,True,0.33004926108374383,0.10655363976010328,-0.22349562132364056,-0.002164179104478295,0.5634328358208955,-0.580000000000183,2.278,-2.8580000000001835
FINAL_POSTHOC_ONLY,EXPLORATORY_POSTHOC,XGBOOST,bid,expected_markout_ticks_bucket,Q4,1696,497,1199,True,0.2930424528301887,0.09505810798475307,-0.1979843448454356,-0.002092555331992279,0.5814889336016097,-1.0400000000001626,4.224500000000001,-5.264500000000163
FINAL_POSTHOC_ONLY,EXPLORATORY_POSTHOC,XGBOOST,bid,predicted_economic_edge_ticks_bucket,Q1,241,101,140,True,0.4190871369294606,0.22439685983281907,-0.1946902770966415,-0.0013366336633631511,0.43564356435643564,-0.13499999999967827,0.8585,-0.9934999999996785
FINAL_POSTHOC_ONLY,EXPLORATORY_POSTHOC,XGBOOST,bid,predicted_economic_edge_ticks_bucket,Q2,1516,496,1020,True,0.32717678100263853,0.10511998615367707,-0.22205679484896146,-0.0021673387096777974,0.5504032258064516,-1.0750000000001876,4.216,-5.291000000000189
FINAL_POSTHOC_ONLY,EXPLORATORY_POSTHOC,XGBOOST,bid,predicted_economic_edge_ticks_bucket,Q3,1163,317,846,True,0.2725709372312984,0.06676475969099169,-0.2058061775403067,-0.002586750788643332,0.637223974763407,-0.8199999999999363,2.6945,-3.514499999999936
FINAL_POSTHOC_ONLY,EXPLORATORY_POSTHOC,XGBOOST,bid,predicted_economic_edge_ticks_bucket,Q4,287,93,194,True,0.3240418118466899,0.12019771781428766,-0.20384409403240225,-0.0022580645161312573,0.5376344086021505,-0.2100000000002069,0.7905,-1.0005000000002071
FINAL_POSTHOC_ONLY,EXPLORATORY_POSTHOC,XGBOOST,bid,model_disagreement_class,BOTH_CORRECT,154,50,104,True,0.3246753246753247,0.09661992876367136,-0.22805539591165333,-0.00019999999999924966,0.4,-0.009999999999962483,0.42500000000000004,-0.4349999999999625
FINAL_POSTHOC_ONLY,EXPLORATORY_POSTHOC,XGBOOST,bid,model_disagreement_class,BOTH_WRONG,1334,308,1026,True,0.23088455772113944,0.10954451974833208,-0.12134003797280735,-0.0003084415584413702,0.4577922077922078,-0.09499999999994202,2.6180000000000003,-2.7129999999999423
FINAL_POSTHOC_ONLY,EXPLORATORY_POSTHOC,XGBOOST,bid,model_disagreement_class,M3T_CORRECT_XGB_WRONG,865,467,398,True,0.5398843930635838,0.10761927597741516,-0.43226511708616866,-0.0053211991434697105,0.7687366167023555,-2.4850000000003547,3.9695,-6.4545000000003565
FINAL_POSTHOC_ONLY,EXPLORATORY_POSTHOC,XGBOOST,bid,model_disagreement_class,M3T_WRONG_XGB_CORRECT,854,182,672,True,0.21311475409836064,0.08370394691763842,-0.12941080718072223,0.0019230769230782973,0.2692307692307692,0.3500000000002501,1.5470000000000002,-1.19699999999975
FINAL_POSTHOC_ONLY,EXPLORATORY_POSTHOC,XGBOOST,ask,side,ask,3207,984,2223,True,0.3068288119738073,0.25250691368636924,-0.05432189828743807,-0.0013516260162609551,0.6056910569105691,-1.33000000000078,8.364,-9.69400000000078
FINAL_POSTHOC_ONLY,EXPLORATORY_POSTHOC,XGBOOST,ask,fill_status,FILL,984,984,0,True,1.0,0.2594610017807624,-0.7405389982192376,-0.0013516260162609551,0.6056910569105691,-1.33000000000078,8.364000000000004,-9.694000000000782
FINAL_POSTHOC_ONLY,EXPLORATORY_POSTHOC,XGBOOST,ask,fill_status,NO_FILL,2223,0,2223,True,0.0,0.24942872084566617,0.24942872084566617,,,0.0,0.0,0.0
FINAL_POSTHOC_ONLY,EXPLORATORY_POSTHOC,XGBOOST,ask,predicted_fill_probability_bucket,Q1,133,28,105,True,0.21052631578947367,0.1041828635099687,-0.10634345227950498,0.001071428571428612,0.39285714285714285,0.030000000000001137,0.23800000000000002,-0.20799999999999888
FINAL_POSTHOC_ONLY,EXPLORATORY_POSTHOC,XGBOOST,ask,predicted_fill_probability_bucket,Q2,1161,340,821,True,0.29285099052540914,0.17584673487272476,-0.11700425565268437,-0.0026029411764709794,0.6588235294117647,-0.885000000000133,2.89,-3.7750000000001327
FINAL_POSTHOC_ONLY,EXPLORATORY_POSTHOC,XGBOOST,ask,predicted_fill_probability_bucket,Q3,1549,482,1067,True,0.31116849580374434,0.28181556654099577,-0.029352929262748604,-0.0006224066390051754,0.5892116182572614,-0.30000000000049454,4.097,-4.397000000000495
FINAL_POSTHOC_ONLY,EXPLORATORY_POSTHOC,XGBOOST,ask,predicted_fill_probability_bucket,Q4,364,134,230,True,0.36813186813186816,0.42649170215968246,0.05835983402781434,-0.0013059701492548767,0.5746268656716418,-0.17500000000015348,1.139,-1.3140000000001537
FINAL_POSTHOC_ONLY,EXPLORATORY_POSTHOC,XGBOOST,ask,simulated_time_to_fill_ns_bucket,Q1,129,129,0,True,1.0,0.2782198179137799,-0.7217801820862201,0.0003488372093009067,0.5426356589147286,0.044999999999816964,1.0965,-1.051500000000183
FINAL_POSTHOC_ONLY,EXPLORATORY_POSTHOC,XGBOOST,ask,simulated_time_to_fill_ns_bucket,Q2,301,301,0,True,1.0,0.2643959671506454,-0.7356040328493546,-0.0008471760797339209,0.5714285714285714,-0.2549999999999102,2.5585000000000004,-2.8134999999999106
FINAL_POSTHOC_ONLY,EXPLORATORY_POSTHOC,XGBOOST,ask,simulated_time_to_fill_ns_bucket,Q3,336,336,0,True,1.0,0.2534209481396136,-0.7465790518603864,-0.0020386904761916674,0.6517857142857143,-0.6850000000004002,2.8560000000000008,-3.541000000000401
FINAL_POSTHOC_ONLY,EXPLORATORY_POSTHOC,XGBOOST,ask,simulated_time_to_fill_ns_bucket,Q4,218,218,0,True,1.0,0.25085616767953295,-0.749143832320467,-0.0019954128440380116,0.6192660550458715,-0.4350000000002865,1.8530000000000006,-2.288000000000287
FINAL_POSTHOC_ONLY,EXPLORATORY_POSTHOC,XGBOOST,ask,simulated_time_to_fill_ns_bucket,<NA>,2223,0,2223,True,0.0,0.24942872084566617,0.24942872084566617,,,0.0,0.0,0.0
FINAL_POSTHOC_ONLY,EXPLORATORY_POSTHOC,XGBOOST,ask,predicted_adverse_score_bucket,Q1,96,18,78,True,0.1875,0.18643018036770323,-0.0010698196322967608,0.004722222222224243,0.3333333333333333,0.08500000000003638,0.15300000000000002,-0.06799999999996363
FINAL_POSTHOC_ONLY,EXPLORATORY_POSTHOC,XGBOOST,ask,predicted_adverse_score_bucket,Q2,164,45,119,True,0.27439024390243905,0.24770820318017064,-0.026682040722268385,-0.00011111111111353644,0.5555555555555556,-0.005000000000109139,0.38250000000000006,-0.3875000000001092
FINAL_POSTHOC_ONLY,EXPLORATORY_POSTHOC,XGBOOST,ask,predicted_adverse_score_bucket,Q3,632,203,429,True,0.3212025316455696,0.263018056585253,-0.05818447506031658,-9.852216748843518e-05,0.5517241379310345,-0.02000000000015234,1.7255000000000003,-1.7455000000001526
FINAL_POSTHOC_ONLY,EXPLORATORY_POSTHOC,XGBOOST,ask,predicted_adverse_score_bucket,Q4,2315,718,1597,True,0.3101511879049676,0.25271741589350266,-0.05743377201146493,-0.0019359331476330847,0.6309192200557103,-1.3900000000005548,6.103000000000001,-7.493000000000555
FINAL_POSTHOC_ONLY,EXPLORATORY_POSTHOC,XGBOOST,ask,expected_markout_ticks_bucket,Q1,2315,718,1597,True,0.3101511879049676,0.25271741589350266,-0.05743377201146493,-0.0019359331476330847,0.6309192200557103,-1.3900000000005548,6.103000000000001,-7.493000000000555
FINAL_POSTHOC_ONLY,EXPLORATORY_POSTHOC,XGBOOST,ask,expected_markout_ticks_bucket,Q2,632,203,429,True,0.3212025316455696,0.263018056585253,-0.05818447506031658,-9.852216748843518e-05,0.5517241379310345,-0.02000000000015234,1.7255000000000003,-1.7455000000001526
FINAL_POSTHOC_ONLY,EXPLORATORY_POSTHOC,XGBOOST,ask,expected_markout_ticks_bucket,Q3,164,45,119,True,0.27439024390243905,0.24770820318017064,-0.026682040722268385,-0.00011111111111353644,0.5555555555555556,-0.005000000000109139,0.38250000000000006,-0.3875000000001092
FINAL_POSTHOC_ONLY,EXPLORATORY_POSTHOC,XGBOOST,ask,expected_markout_ticks_bucket,Q4,96,18,78,True,0.1875,0.18643018036770323,-0.0010698196322967608,0.004722222222224243,0.3333333333333333,0.08500000000003638,0.15300000000000002,-0.06799999999996363
FINAL_POSTHOC_ONLY,EXPLORATORY_POSTHOC,XGBOOST,ask,predicted_economic_edge_ticks_bucket,Q1,3087,962,2125,True,0.31162941367023,0.25399579809737854,-0.05763361557285145,-0.0014864864864873209,0.6122661122661123,-1.4300000000008026,8.177,-9.607000000000804
FINAL_POSTHOC_ONLY,EXPLORATORY_POSTHOC,XGBOOST,ask,predicted_economic_edge_ticks_bucket,Q2,84,10,74,True,0.11904761904761904,0.18396556865246522,0.06491794960484618,-0.0034999999999996588,0.4,-0.03499999999999659,0.085,-0.1199999999999966
FINAL_POSTHOC_ONLY,EXPLORATORY_POSTHOC,XGBOOST,ask,predicted_economic_edge_ticks_bucket,Q3,21,8,13,False,0.38095238095238093,0.2725562822251093,-0.10839609872727167,0.009375000000002132,0.25,0.07500000000001705,0.068,0.007000000000017048
FINAL_POSTHOC_ONLY,EXPLORATORY_POSTHOC,XGBOOST,ask,predicted_economic_edge_ticks_bucket,Q4,15,4,11,False,0.26666666666666666,0.3018569181362788,0.03519025146961212,0.015000000000000568,0.25,0.060000000000002274,0.034,0.02600000000000227
FINAL_POSTHOC_ONLY,EXPLORATORY_POSTHOC,XGBOOST,ask,model_disagreement_class,BOTH_CORRECT,154,44,110,True,0.2857142857142857,0.22965871736213758,-0.05605556835214813,0.004545454545455579,0.3181818181818182,0.20000000000004547,0.374,-0.17399999999995455
FINAL_POSTHOC_ONLY,EXPLORATORY_POSTHOC,XGBOOST,ask,model_disagreement_class,BOTH_WRONG,1334,613,721,True,0.45952023988005997,0.25506416370329826,-0.20445607617676168,-0.003711256117456029,0.7487765089722676,-2.2750000000005457,5.210500000000001,-7.485500000000547
FINAL_POSTHOC_ONLY,EXPLORATORY_POSTHOC,XGBOOST,ask,model_disagreement_class,M3T_CORRECT_XGB_WRONG,865,158,707,True,0.18265895953757225,0.2521972655431728,0.06953830600560056,0.002974683544302891,0.3670886075949367,0.46999999999985675,1.3430000000000002,-0.8730000000001434
FINAL_POSTHOC_ONLY,EXPLORATORY_POSTHOC,XGBOOST,ask,model_disagreement_class,M3T_WRONG_XGB_CORRECT,854,169,685,True,0.19789227166276346,0.25294613658474535,0.055053864921981895,0.0016272189349104355,0.38461538461538464,0.2749999999998636,1.4365,-1.1615000000001365
