feature,drift_family,development_support,final_support,development_mean,final_mean,standardized_mean_difference,wasserstein_distance,ks_statistic,psi,population_p_value_claim,status
depth_ask_5,RAW_UNIT_DRIFT,384,3207,403.7630208333333,5205.346429685064,1.4200538116311099,4801.583408851728,0.990645463049579,8.988104054055968,False,AVAILABLE
depth_bid_5,RAW_UNIT_DRIFT,384,3207,411.703125,6353.907078266292,0.8899420256860828,5942.259456852199,0.9875272840661053,8.487272812160992,False,AVAILABLE
depth_ask_1,RAW_UNIT_DRIFT,384,3207,52.395833333333336,567.0330526972248,0.5828419703957861,514.6372193638913,0.8283564273464297,3.40359568325278,False,AVAILABLE
depth_bid_1,RAW_UNIT_DRIFT,384,3207,50.932291666666664,713.464920486436,0.21743166243348244,662.5326288197701,0.8182856836607421,3.315132802067563,False,AVAILABLE
ask_queue_ahead_at_entry,RAW_UNIT_DRIFT,243,3207,70.81893004115226,548.6816339257873,0.5614156320004339,477.86270388463487,0.7897769924586265,3.0933982559437414,False,AVAILABLE
bid_queue_ahead_at_entry,RAW_UNIT_DRIFT,243,3207,70.6954732510288,587.7374493295915,0.21655696619447948,517.0419760785586,0.7761185985902752,3.103932447854711,False,AVAILABLE
spread,RAW_UNIT_DRIFT,384,3207,0.17481770833333318,0.013716869348300896,-1.6784070938141569,0.16110083898503227,0.6328125,10.63087940699977,False,AVAILABLE
realized_vol_50,RAW_UNIT_DRIFT,384,3207,0.00013812906590663328,0.0002005696332178579,0.619484191525051,0.0001023579806734702,0.6150388797942001,9.493015253254436,False,AVAILABLE
signed_volume,RAW_UNIT_DRIFT,384,3207,-93.5703125,-3385.330526972248,-0.143828274311561,16666.88238375039,0.5045213595260367,3.9292053543455294,False,AVAILABLE
interarrival_ns,RAW_UNIT_DRIFT,384,3207,20851272148.0625,13411921313.06517,-0.09986551960643984,18109806568.695126,0.37967239632054883,1.5781443352857218,False,AVAILABLE
event_rate,RAW_UNIT_DRIFT,384,3207,226.94380414980728,1894311192.4568782,0.043274626294980724,1894310965.773436,0.37780148893046456,1.5817170307752435,False,AVAILABLE
imbalance_1,RAW_UNIT_DRIFT,384,3207,-0.02977702456614568,-0.020648988076276416,0.018184202810272047,0.059498813190093695,0.06668518085438105,0.08777897520624289,False,AVAILABLE
