partition,feature_group,mean_absolute_probability_impact,batches
DEVELOPMENT,event_stream,0.07336530648171902,2
DEVELOPMENT,state_stream,0.055083044804632664,2
DEVELOPMENT,book_stream,0.10939919203519821,2
DEVELOPMENT,depth_level_1,0.010307289427146316,2
DEVELOPMENT,depth_levels_6_10,0.056322768330574036,2
DEVELOPMENT,modality_context,0.07956966385245323,2
FINAL_POSTHOC_ONLY,event_stream,0.20989385820352113,13
FINAL_POSTHOC_ONLY,state_stream,0.36901497611632716,13
FINAL_POSTHOC_ONLY,book_stream,0.08908269898249553,13
FINAL_POSTHOC_ONLY,depth_level_1,0.00841021265548009,13
FINAL_POSTHOC_ONLY,depth_levels_6_10,0.0438190191411055,13
FINAL_POSTHOC_ONLY,modality_context,0.12959773895832208,13
