category,metric,development_support,final_support,development_median,development_iqr,final_median,normalized_shift,status,threshold_origin,production_deployment_implied
data_health,spread,384,3207,0.25,0.23999999999999488,0.009999999999990905,1.0000000000000593,WATCH,DEVELOPMENT_IQR_HEURISTIC,False
data_health,top5_depth,384,3207,1021.0,797.5,9167.0,10.214420062695925,DISABLE,DEVELOPMENT_IQR_HEURISTIC,False
data_health,event_rate,384,3207,202.35008419287118,218.17217471584593,372.7153729825291,0.7808754210363759,GREEN,DEVELOPMENT_IQR_HEURISTIC,False
data_health,missingness,384,3207,0.052083333333333336,0.06770833333333333,0.02617801047120419,0.3826016915022151,GREEN,DEVELOPMENT_IQR_HEURISTIC,False
data_health,stale_data_rate,384,3207,0.0,1e-07,0.0,0.0,GREEN,DEVELOPMENT_IQR_HEURISTIC,False
model,m3t_confidence,384,3207,0.5265098810195923,0.2707613930106163,0.72816401720047,0.7447669475277482,GREEN,DEVELOPMENT_IQR_HEURISTIC,False
model,m3t_entropy,384,3207,0.9936068058013916,0.26746028661727905,0.6855320334434509,1.1518523974319175,WATCH,DEVELOPMENT_IQR_HEURISTIC,False
model,m3t_error,384,3207,0.0,1.0,1.0,1.0,GREEN,DEVELOPMENT_IQR_HEURISTIC,False
model,m3t_nll,384,3207,0.7880815863609314,0.6483178734779358,1.5376588106155396,1.1561878129835619,WATCH,DEVELOPMENT_IQR_HEURISTIC,False
model,m3t_multiclass_brier,384,3207,0.45655385033532847,0.529664711252289,1.05587753832436,1.1315152307807093,WATCH,DEVELOPMENT_IQR_HEURISTIC,False
model,fill_calibration_gap,243,3207,-0.11354443430900574,0.4933924227952957,0.09750616550445557,0.4277540352520257,GREEN,DEVELOPMENT_IQR_HEURISTIC,False
execution,fill_rate,243,3207,0.5,0.5,0.5,0.0,GREEN,DEVELOPMENT_IQR_HEURISTIC,False
execution,queue_ahead,243,3207,66.5,18.0,366.5,16.666666666666668,DISABLE,DEVELOPMENT_IQR_HEURISTIC,False
execution,adverse_selection,134,1991,0.0,1.0,1.0,1.0,GREEN,DEVELOPMENT_IQR_HEURISTIC,False
execution,post_fill_markout,134,1991,0.125,0.25,-0.0049999999999954525,0.5199999999999818,GREEN,DEVELOPMENT_IQR_HEURISTIC,False
execution,time_to_fill_ns,134,1991,242831769.0,543072543.5,302141000.0,0.10921051286769758,GREEN,DEVELOPMENT_IQR_HEURISTIC,False
risk_economics,pnl,972,12890,0.0,1e-07,0.0,0.0,GREEN,DEVELOPMENT_IQR_HEURISTIC,False
risk_economics,fees,972,12890,0.0,1e-07,0.0,0.0,GREEN,DEVELOPMENT_IQR_HEURISTIC,False
risk_economics,turnover,972,12890,0.0,1e-07,0.0,0.0,GREEN,DEVELOPMENT_IQR_HEURISTIC,False
risk_economics,inventory,1,1,,,,,NOT_AVAILABLE,INSUFFICIENT_VALID_AVAILABLE_TARGET_SUPPORT,False
risk_economics,drawdown,1,1,,,,,NOT_AVAILABLE,INSUFFICIENT_VALID_AVAILABLE_TARGET_SUPPORT,False
