partition,interpretation,model,slice_dimension,slice_value,support,sufficient_support,direction_accuracy,macro_f1,nll,multiclass_brier,mean_confidence,mean_fill_conditional_markout_points,adverse_selection_rate,fill_support,fill_positive,fill_negative,empirical_fill_rate,predicted_fill_rate,fill_calibration_gap,fill_brier,fill_ece
DEVELOPMENT,DEVELOPMENT_DIAGNOSTIC,M3T,spread_bucket,Q1,120,True,0.7583333333333333,0.28751974723538704,0.7109299302101135,0.3911776496305041,0.7597114443778992,,,,,,,,,,
DEVELOPMENT,DEVELOPMENT_DIAGNOSTIC,M3T,spread_bucket,Q2,245,True,0.5959183673469388,0.3445013394097585,0.9057468771934509,0.5476988836190442,0.5015819668769836,0.004699248120300752,0.48120300751879697,448.0,133.0,315.0,0.296875,0.2833601236343384,-0.013514876365661621,0.16363087847420218,0.06296647444001531
DEVELOPMENT,DEVELOPMENT_DIAGNOSTIC,M3T,spread_bucket,Q3,19,False,0.21052631578947367,0.18560606060606064,1.2118535041809082,0.7356353786314292,0.3965573310852051,0.125,0.0,38.0,1.0,37.0,0.02631578947368421,0.2809394896030426,0.2546237001293584,0.09682737455729995,0.2546237416957554
DEVELOPMENT,DEVELOPMENT_DIAGNOSTIC,M3T,top_depth_bucket,Q1,97,True,0.7938144329896907,0.2950191570881226,0.6299951076507568,0.34087483675507957,0.7598350644111633,-0.125,1.0,2.0,1.0,1.0,0.5,0.2195790708065033,-0.2804209291934967,0.25891992518724216,0.42459867149591446
DEVELOPMENT,DEVELOPMENT_DIAGNOSTIC,M3T,top_depth_bucket,Q2,96,True,0.4479166666666667,0.23665716999050332,1.0303606986999512,0.6263760611880226,0.592545211315155,0.03125,0.375,102.0,40.0,62.0,0.39215686274509803,0.2845163345336914,-0.10764052821140663,0.18199747577408545,0.12343889500434492
DEVELOPMENT,DEVELOPMENT_DIAGNOSTIC,M3T,top_depth_bucket,Q3,100,True,0.65,0.40562709847422335,0.8519050478935242,0.5127324882326464,0.489066481590271,0.0020491803278688526,0.4918032786885246,200.0,61.0,139.0,0.305,0.28923019766807556,-0.015769802331924432,0.1626026588406858,0.10601247143000364
DEVELOPMENT,DEVELOPMENT_DIAGNOSTIC,M3T,top_depth_bucket,Q4,91,True,0.6153846153846154,0.4076620359395003,0.934397280216217,0.5564220524589665,0.46255552768707275,-0.015625,0.5625,182.0,32.0,150.0,0.17582417582417584,0.2764570116996765,0.10063283587550068,0.13947230572610775,0.11041981215169142
DEVELOPMENT,DEVELOPMENT_DIAGNOSTIC,M3T,top5_depth_bucket,Q1,97,True,0.7628865979381443,0.2884990253411306,0.7163605690002441,0.39093136833942815,0.7593888640403748,,,,,,,,,,
DEVELOPMENT,DEVELOPMENT_DIAGNOSTIC,M3T,top5_depth_bucket,Q2,96,True,0.5208333333333334,0.29788359788359786,0.9626433253288269,0.5842330679609115,0.6054317951202393,-0.01524390243902439,0.5609756097560976,104.0,41.0,63.0,0.3942307692307692,0.28628942370414734,-0.10794134552662188,0.18129936321800905,0.15429382122909793
DEVELOPMENT,DEVELOPMENT_DIAGNOSTIC,M3T,top5_depth_bucket,Q3,95,True,0.6421052631578947,0.28872576698663655,0.844211757183075,0.5097806891710953,0.46782535314559937,0.018518518518518517,0.42592592592592593,190.0,54.0,136.0,0.28421052631578947,0.2846340537071228,0.0004235273913333337,0.16242546623018042,0.08667236935151251
DEVELOPMENT,DEVELOPMENT_DIAGNOSTIC,M3T,top5_depth_bucket,Q4,96,True,0.5833333333333334,0.4361823361823361,0.9181661605834961,0.5486326449155977,0.4725204408168793,0.009615384615384616,0.46153846153846156,192.0,39.0,153.0,0.203125,0.280033677816391,0.07690867781639099,0.1420317782875664,0.09537254933578275
DEVELOPMENT,DEVELOPMENT_DIAGNOSTIC,M3T,depth_slope_bucket,Q1,96,True,0.6875,0.2716049382716049,0.8280959129333496,0.4724775525836063,0.7566711902618408,,,,,,,,,,
DEVELOPMENT,DEVELOPMENT_DIAGNOSTIC,M3T,depth_slope_bucket,Q2,96,True,0.625,0.316676700782661,0.8364675641059875,0.4883613928780914,0.6063040494918823,-0.017857142857142856,0.5714285714285714,102.0,35.0,67.0,0.3431372549019608,0.2771061360836029,-0.06603111881835788,0.1811766210874398,0.08520360601445041
DEVELOPMENT,DEVELOPMENT_DIAGNOSTIC,M3T,depth_slope_bucket,Q3,96,True,0.5833333333333334,0.304421768707483,0.900904655456543,0.5464411872227902,0.47948217391967773,0.01650943396226415,0.4339622641509434,192.0,53.0,139.0,0.2760416666666667,0.2793945372104645,0.0033528705437977924,0.1629096818129863,0.050373816086600236
DEVELOPMENT,DEVELOPMENT_DIAGNOSTIC,M3T,depth_slope_bucket,Q4,96,True,0.6145833333333334,0.45743989603638724,0.8745817542076111,0.5250596239438814,0.4657462537288666,0.010869565217391304,0.45652173913043476,192.0,46.0,146.0,0.23958333333333334,0.2901690900325775,0.05058575669924417,0.1418093725552487,0.12033990638641018
DEVELOPMENT,DEVELOPMENT_DIAGNOSTIC,M3T,imbalance_1_bucket,Q1,96,True,0.6354166666666666,0.3132134973194576,0.8668943047523499,0.5139687836650363,0.5993412733078003,0.013888888888888888,0.4444444444444444,110.0,36.0,74.0,0.32727272727272727,0.34421366453170776,0.016940937258980493,0.13880347960438952,0.0974093727090142
DEVELOPMENT,DEVELOPMENT_DIAGNOSTIC,M3T,imbalance_1_bucket,Q2,101,True,0.6732673267326733,0.29969257795344756,0.8184357285499573,0.4677719850620085,0.5857154726982117,0.010416666666666666,0.4583333333333333,120.0,24.0,96.0,0.2,0.2848864793777466,0.08488647937774657,0.16901918794709994,0.08488648074368636
DEVELOPMENT,DEVELOPMENT_DIAGNOSTIC,M3T,imbalance_1_bucket,Q3,91,True,0.6923076923076923,0.353972602739726,0.8818010687828064,0.5146254220952624,0.5620989799499512,-0.016304347826086956,0.5652173913043478,126.0,23.0,103.0,0.18253968253968253,0.2538325786590576,0.07129289611937509,0.1410572693926629,0.07129290634914051
DEVELOPMENT,DEVELOPMENT_DIAGNOSTIC,M3T,imbalance_1_bucket,Q4,96,True,0.5104166666666666,0.2869674185463659,0.8762192726135254,0.5384138489848777,0.5598178505897522,0.007352941176470588,0.47058823529411764,130.0,51.0,79.0,0.3923076923076923,0.2583712339401245,-0.1339364583675678,0.18201671181545853,0.14972753900174912
DEVELOPMENT,DEVELOPMENT_DIAGNOSTIC,M3T,signed_volume_bucket,Q1,96,True,0.6666666666666666,0.32292827945001856,0.8410800099372864,0.4957841482592286,0.5601873993873596,0.013888888888888888,0.4444444444444444,136.0,36.0,100.0,0.2647058823529412,0.2810773253440857,0.016371442991144514,0.16236590573250306,0.07305397148079731
DEVELOPMENT,DEVELOPMENT_DIAGNOSTIC,M3T,signed_volume_bucket,Q2,96,True,0.6354166666666666,0.37983212724861365,0.9075867533683777,0.5353731825393345,0.6056682467460632,0.005434782608695652,0.4782608695652174,98.0,23.0,75.0,0.23469387755102042,0.278706431388855,0.04401255383783456,0.13752212665306354,0.0855409508685068
DEVELOPMENT,DEVELOPMENT_DIAGNOSTIC,M3T,signed_volume_bucket,Q3,97,True,0.6185567010309279,0.32857870606214973,0.8409702777862549,0.4961513944356444,0.6084495186805725,0.0,0.5,102.0,30.0,72.0,0.29411764705882354,0.2890211045742035,-0.005096542484620048,0.16488148613316753,0.06066261129636391
DEVELOPMENT,DEVELOPMENT_DIAGNOSTIC,M3T,signed_volume_bucket,Q4,95,True,0.5894736842105263,0.35543580322514795,0.8505122065544128,0.5051245012568832,0.5331135988235474,0.002777777777777778,0.4888888888888889,150.0,45.0,105.0,0.3,0.28400760889053345,-0.01599239110946654,0.1640615374161083,0.10602485249439875
DEVELOPMENT,DEVELOPMENT_DIAGNOSTIC,M3T,microprice_minus_mid_bucket,Q1,96,True,0.6041666666666666,0.311767925561029,0.8941900730133057,0.5384349042608146,0.4870780408382416,0.011363636363636364,0.45454545454545453,192.0,55.0,137.0,0.2864583333333333,0.321153461933136,0.03469512859980267,0.15718021134512142,0.06127999125358958
DEVELOPMENT,DEVELOPMENT_DIAGNOSTIC,M3T,microprice_minus_mid_bucket,Q2,100,True,0.7,0.27613412228796846,0.7979180216789246,0.4482291832904257,0.691555917263031,0.025,0.4,38.0,5.0,33.0,0.13157894736842105,0.27337926626205444,0.1418003188936334,0.14137065083872438,0.15061651405535248
DEVELOPMENT,DEVELOPMENT_DIAGNOSTIC,M3T,microprice_minus_mid_bucket,Q3,92,True,0.6739130434782609,0.3240119313944817,0.8712917566299438,0.5069008515957896,0.6580886244773865,-0.025,0.6,64.0,5.0,59.0,0.078125,0.25542888045310974,0.17730388045310974,0.10026631881049908,0.1773038791725412
DEVELOPMENT,DEVELOPMENT_DIAGNOSTIC,M3T,microprice_minus_mid_bucket,Q4,96,True,0.53125,0.30409356725146197,0.8797073364257812,0.5412194703273964,0.47008657455444336,0.0018115942028985507,0.4927536231884058,192.0,69.0,123.0,0.359375,0.2563735246658325,-0.10300147533416748,0.18238720872715206,0.12631211047604057
DEVELOPMENT,DEVELOPMENT_DIAGNOSTIC,M3T,event_rate_bucket,Q1,96,True,0.7083333333333334,0.2764227642276423,0.7985336780548096,0.45416390640245496,0.756486177444458,,,,,,,,,,
DEVELOPMENT,DEVELOPMENT_DIAGNOSTIC,M3T,event_rate_bucket,Q2,96,True,0.65625,0.3650793650793651,0.8498704433441162,0.49520675210550386,0.6012716889381409,0.015,0.44,104.0,25.0,79.0,0.2403846153846154,0.29383569955825806,0.053451084173642666,0.13667125881529804,0.11539737547103031
DEVELOPMENT,DEVELOPMENT_DIAGNOSTIC,M3T,event_rate_bucket,Q3,96,True,0.5416666666666666,0.2747668997668998,0.8943578600883484,0.5417167743184755,0.47896361351013184,0.0024509803921568627,0.49019607843137253,190.0,51.0,139.0,0.26842105263157895,0.2766333520412445,0.008212299409665558,0.14719063644551192,0.12165073326935893
DEVELOPMENT,DEVELOPMENT_DIAGNOSTIC,M3T,event_rate_bucket,Q4,96,True,0.6041666666666666,0.4242811749205611,0.8972880244255066,0.5412523238019351,0.47148212790489197,0.004310344827586207,0.4827586206896552,192.0,58.0,134.0,0.3020833333333333,0.28386348485946655,-0.018219848473866762,0.18128146848011306,0.04402807003740841
DEVELOPMENT,DEVELOPMENT_DIAGNOSTIC,M3T,realized_vol_50_bucket,Q1,96,True,0.5416666666666666,0.29834515366430264,0.8906455039978027,0.5359303601396025,0.4814923107624054,-0.007653061224489796,0.5306122448979592,192.0,49.0,143.0,0.2552083333333333,0.27938246726989746,0.024174133936564146,0.14557820872876698,0.09717518993420526
DEVELOPMENT,DEVELOPMENT_DIAGNOSTIC,M3T,realized_vol_50_bucket,Q2,96,True,0.6458333333333334,0.4234993614303959,0.9072024822235107,0.5482490879825702,0.4769304096698761,0.018518518518518517,0.42592592592592593,192.0,54.0,138.0,0.28125,0.2841854989528656,0.0029354989528656006,0.17007898892771875,0.050967868087658026
DEVELOPMENT,DEVELOPMENT_DIAGNOSTIC,M3T,realized_vol_50_bucket,Q3,96,True,0.6145833333333334,0.3729246487867177,0.8412930369377136,0.49410753251109396,0.5964331030845642,0.004032258064516129,0.4838709677419355,102.0,31.0,71.0,0.30392156862745096,0.288392037153244,-0.015529531474206937,0.1605871748977913,0.11402073593846723
DEVELOPMENT,DEVELOPMENT_DIAGNOSTIC,M3T,realized_vol_50_bucket,Q4,96,True,0.7083333333333334,0.2764227642276423,0.8009088635444641,0.4540527759951029,0.7533476948738098,,,,,,,,,,
DEVELOPMENT,DEVELOPMENT_DIAGNOSTIC,M3T,queue_ahead_bucket,Q1,62,True,0.45161290322580644,0.23484848484848486,0.9154670834541321,0.5665367103849687,0.4721299409866333,0.023809523809523808,0.40476190476190477,124.0,42.0,82.0,0.3387096774193548,0.2906481623649597,-0.0480615150543951,0.17400432291001353,0.07531565214477239
DEVELOPMENT,DEVELOPMENT_DIAGNOSTIC,M3T,queue_ahead_bucket,Q2,62,True,0.5967741935483871,0.46132411649653027,0.8672469258308411,0.5267069036204147,0.48715659976005554,-0.005952380952380952,0.5238095238095238,124.0,42.0,82.0,0.3387096774193548,0.2901444733142853,-0.04856520410506954,0.15865304326475538,0.13725497198080824
DEVELOPMENT,DEVELOPMENT_DIAGNOSTIC,M3T,queue_ahead_bucket,Q3,60,True,0.7166666666666667,0.40572390572390576,0.8405064344406128,0.4999765925645726,0.48035210371017456,-0.004032258064516129,0.5161290322580645,120.0,31.0,89.0,0.25833333333333336,0.27632108330726624,0.017987749973932876,0.15148109866999568,0.09238897397493323
DEVELOPMENT,DEVELOPMENT_DIAGNOSTIC,M3T,queue_ahead_bucket,Q4,59,True,0.559322033898305,0.38201754385964914,0.9765381217002869,0.581685482707766,0.46099793910980225,0.006578947368421052,0.47368421052631576,118.0,19.0,99.0,0.16101694915254236,0.27495113015174866,0.1139341809992063,0.14880363172499275,0.12671454907473872
DEVELOPMENT,DEVELOPMENT_DIAGNOSTIC,M3T,queue_ahead_bucket,<NA>,141,True,0.7092198581560284,0.2766251728907331,0.7919885516166687,0.4468473300309019,0.7524240016937256,,,,,,,,,,
DEVELOPMENT,DEVELOPMENT_DIAGNOSTIC,M3T,session_position_bucket,Q1,96,True,0.6875,0.3273177636234961,0.7785367965698242,0.4434649304091706,0.6337800025939941,-0.0125,0.55,88.0,20.0,68.0,0.22727272727272727,0.281061053276062,0.05378832600333475,0.14273778060533976,0.14184645364399662
DEVELOPMENT,DEVELOPMENT_DIAGNOSTIC,M3T,session_position_bucket,Q2,96,True,0.5833333333333334,0.29251700680272114,0.8936572670936584,0.5336678357385118,0.5295671820640564,-0.023809523809523808,0.5952380952380952,156.0,42.0,114.0,0.2692307692307692,0.2801697552204132,0.01093898598964399,0.14691740131706402,0.09236362371116112
DEVELOPMENT,DEVELOPMENT_DIAGNOSTIC,M3T,session_position_bucket,Q3,96,True,0.6041666666666666,0.43778621125869704,0.9001969695091248,0.5408332441094105,0.5025574564933777,0.03,0.38,168.0,50.0,118.0,0.2976190476190476,0.2835630774497986,-0.014055970169249032,0.16828462833364893,0.07161832081952263
DEVELOPMENT,DEVELOPMENT_DIAGNOSTIC,M3T,session_position_bucket,Q4,96,True,0.6354166666666666,0.2951015531660693,0.8676589131355286,0.5143737463712766,0.6422989368438721,0.022727272727272728,0.4090909090909091,74.0,22.0,52.0,0.2972972972972973,0.29111605882644653,-0.006181238470850781,0.17884076933560902,0.08729682973510511
DEVELOPMENT,DEVELOPMENT_DIAGNOSTIC,M3T,m3t_confidence_bucket,Q1,96,True,0.53125,0.4197979797979798,0.9511544108390808,0.5787655768303616,0.42825064063072205,-0.002551020408163265,0.5102040816326531,192.0,49.0,143.0,0.2552083333333333,0.2798859775066376,0.02467764417330426,0.15022628661241916,0.0597977272894544
DEVELOPMENT,DEVELOPMENT_DIAGNOSTIC,M3T,m3t_confidence_bucket,Q2,96,True,0.53125,0.27782094448761113,0.9029944539070129,0.5542425849942992,0.4866858422756195,0.004464285714285714,0.48214285714285715,192.0,56.0,136.0,0.2916666666666667,0.2813998758792877,-0.010266790787378965,0.15166662179577184,0.09898607448364295
DEVELOPMENT,DEVELOPMENT_DIAGNOSTIC,M3T,m3t_confidence_bucket,Q3,96,True,0.6979166666666666,0.3125076117403483,0.8488139510154724,0.49181439759716444,0.6131133437156677,0.021551724137931036,0.41379310344827586,102.0,29.0,73.0,0.28431372549019607,0.2926878333091736,0.008374107818977516,0.18649642524752255,0.09638225506333746
DEVELOPMENT,DEVELOPMENT_DIAGNOSTIC,M3T,m3t_confidence_bucket,Q4,96,True,0.75,0.2857142857142857,0.737087070941925,0.40751719720654433,0.7801538109779358,,,,,,,,,,
DEVELOPMENT,DEVELOPMENT_DIAGNOSTIC,M3T,m3t_entropy_bucket,Q1,96,True,0.75,0.2857142857142857,0.742193877696991,0.40872566795730614,0.7800281643867493,,,,,,,,,,
DEVELOPMENT,DEVELOPMENT_DIAGNOSTIC,M3T,m3t_entropy_bucket,Q2,96,True,0.5729166666666666,0.3710867540654775,0.8704635500907898,0.5263644340814331,0.5942365527153015,-0.009615384615384616,0.5384615384615384,102.0,39.0,63.0,0.38235294117647056,0.3055298328399658,-0.07682310833650474,0.16448884854608067,0.11458060349903855
DEVELOPMENT,DEVELOPMENT_DIAGNOSTIC,M3T,m3t_entropy_bucket,Q3,96,True,0.6041666666666666,0.34022531848618803,0.8523927330970764,0.5124096603346806,0.4952520430088043,0.017241379310344827,0.43103448275862066,192.0,58.0,134.0,0.3020833333333333,0.2891382873058319,-0.012945046027501406,0.16746848505670875,0.06467799634750311
DEVELOPMENT,DEVELOPMENT_DIAGNOSTIC,M3T,m3t_entropy_bucket,Q4,96,True,0.5833333333333334,0.35893092414831546,0.974999725818634,0.5848399942549497,0.43868687748908997,0.0033783783783783786,0.4864864864864865,192.0,37.0,155.0,0.19270833333333334,0.26532527804374695,0.0726169447104136,0.14611594847412326,0.08769372516932585
DEVELOPMENT,DEVELOPMENT_DIAGNOSTIC,M3T,xgboost_confidence_bucket,Q1,96,True,0.6041666666666666,0.3572261072261072,0.8880273699760437,0.5286640033332174,0.5476885437965393,0.01875,0.425,140.0,40.0,100.0,0.2857142857142857,0.2943223714828491,0.008608085768563423,0.17072282870896224,0.035285558445113045
DEVELOPMENT,DEVELOPMENT_DIAGNOSTIC,M3T,xgboost_confidence_bucket,Q2,96,True,0.5104166666666666,0.34218997376892113,1.0386251211166382,0.6351035137051059,0.5451427698135376,-0.013157894736842105,0.5526315789473685,142.0,38.0,104.0,0.2676056338028169,0.2857093811035156,0.018103747300698747,0.15427077912213222,0.09141773171722889
DEVELOPMENT,DEVELOPMENT_DIAGNOSTIC,M3T,xgboost_confidence_bucket,Q3,96,True,0.7083333333333334,0.4093273875882571,0.8032271265983582,0.47176167029209104,0.5631017088890076,0.006578947368421052,0.47368421052631576,132.0,38.0,94.0,0.2878787878787879,0.2726561725139618,-0.015222615364826109,0.15716172176910453,0.12238257719824712
DEVELOPMENT,DEVELOPMENT_DIAGNOSTIC,M3T,xgboost_confidence_bucket,Q4,96,True,0.6875,0.2716049382716049,0.710170328617096,0.39681056929795494,0.6522705554962158,0.013888888888888888,0.4444444444444444,72.0,18.0,54.0,0.25,0.2757578492164612,0.02575784921646118,0.14490388696528733,0.07938659041085178
DEVELOPMENT,DEVELOPMENT_DIAGNOSTIC,M3T,xgboost_entropy_bucket,Q1,96,True,0.7291666666666666,0.28112449799196787,0.6992797255516052,0.38684669127112575,0.6493604779243469,0.008333333333333333,0.4666666666666667,74.0,15.0,59.0,0.20270270270270271,0.2810075283050537,0.078304825602351,0.1275964660754613,0.10763581399176572
DEVELOPMENT,DEVELOPMENT_DIAGNOSTIC,M3T,xgboost_entropy_bucket,Q2,96,True,0.625,0.34009009009009006,0.8525267243385315,0.508095922836932,0.5422249436378479,0.0029069767441860465,0.4883720930232558,148.0,43.0,105.0,0.2905405405405405,0.291880339384079,0.0013397988435384645,0.1541536718861556,0.10916388168226222
DEVELOPMENT,DEVELOPMENT_DIAGNOSTIC,M3T,xgboost_entropy_bucket,Q3,96,True,0.5729166666666666,0.36704079038175147,0.9374842643737793,0.5689180570771274,0.5439226031303406,0.021341463414634148,0.4146341463414634,146.0,41.0,105.0,0.2808219178082192,0.28932422399520874,0.00850230618698955,0.15814984224731551,0.08068840820597459
DEVELOPMENT,DEVELOPMENT_DIAGNOSTIC,M3T,xgboost_entropy_bucket,Q4,96,True,0.5833333333333334,0.3284457478005865,0.9507591128349304,0.5684790854431842,0.5726955533027649,-0.010714285714285714,0.5428571428571428,118.0,35.0,83.0,0.2966101694915254,0.26599034667015076,-0.030619822821374654,0.18338402451505714,0.04330692784387177
DEVELOPMENT,DEVELOPMENT_DIAGNOSTIC,M3T,source,databento,384,True,0.6276041666666666,0.351905162505046,0.8600125312805176,0.5080849391570924,0.5770508646965027,0.005597014925373134,0.47761194029850745,486.0,134.0,352.0,0.2757201646090535,0.2831708490848541,0.007450684475800606,0.1584075592379012,0.06240803816589552
DEVELOPMENT,DEVELOPMENT_DIAGNOSTIC,M3T,venue,CME_GLOBEX,243,True,0.5802469135802469,0.36731844643338246,0.8994831442832947,0.543617872847598,0.4752912223339081,0.005597014925373134,0.47761194029850745,486.0,134.0,352.0,0.2757201646090535,0.2831708490848541,0.007450684475800606,0.1584075592379012,0.06240803816589552
DEVELOPMENT,DEVELOPMENT_DIAGNOSTIC,M3T,venue,ICE_FUTURES_EUROPE,141,True,0.7092198581560284,0.2766251728907331,0.7919885516166687,0.4468473300309019,0.7524240016937256,,,,,,,,,,
DEVELOPMENT,DEVELOPMENT_DIAGNOSTIC,M3T,instrument,BRN,141,True,0.7092198581560284,0.2766251728907331,0.7919885516166687,0.4468473300309019,0.7524240016937256,,,,,,,,,,
DEVELOPMENT,DEVELOPMENT_DIAGNOSTIC,M3T,instrument,ES,243,True,0.5802469135802469,0.36731844643338246,0.8994831442832947,0.543617872847598,0.4752912223339081,0.005597014925373134,0.47761194029850745,486.0,134.0,352.0,0.2757201646090535,0.2831708490848541,0.007450684475800606,0.1584075592379012,0.06240803816589552
DEVELOPMENT,DEVELOPMENT_DIAGNOSTIC,M3T,modality,L1=1/L2=1/L3=0,141,True,0.7092198581560284,0.2766251728907331,0.7919885516166687,0.4468473300309019,0.7524240016937256,,,,,,,,,,
DEVELOPMENT,DEVELOPMENT_DIAGNOSTIC,M3T,modality,L1=1/L2=1/L3=1,243,True,0.5802469135802469,0.36731844643338246,0.8994831442832947,0.543617872847598,0.4752912223339081,0.005597014925373134,0.47761194029850745,486.0,134.0,352.0,0.2757201646090535,0.2831708490848541,0.007450684475800606,0.1584075592379012,0.06240803816589552
DEVELOPMENT,DEVELOPMENT_DIAGNOSTIC,M3T,reset_generation,0,141,True,0.7092198581560284,0.2766251728907331,0.7919885516166687,0.4468473300309019,0.7524240016937256,,,,,,,,,,
DEVELOPMENT,DEVELOPMENT_DIAGNOSTIC,M3T,reset_generation,1,243,True,0.5802469135802469,0.36731844643338246,0.8994831442832947,0.543617872847598,0.4752912223339081,0.005597014925373134,0.47761194029850745,486.0,134.0,352.0,0.2757201646090535,0.2831708490848541,0.007450684475800606,0.1584075592379012,0.06240803816589552
DEVELOPMENT,DEVELOPMENT_DIAGNOSTIC,M3T,clear_proximity,OTHER,256,True,0.60546875,0.3478087418385926,0.8925173282623291,0.5340217939624159,0.5537858009338379,0.01820388349514563,0.42718446601941745,358.0,103.0,255.0,0.2877094972067039,0.28320902585983276,-0.004500471346871149,0.16050649449584006,0.05885222930898214
DEVELOPMENT,DEVELOPMENT_DIAGNOSTIC,M3T,clear_proximity,WITHIN_64_ROWS_OF_RESET,128,True,0.671875,0.3450980392156863,0.795002818107605,0.4562112295464454,0.623581051826477,-0.036290322580645164,0.6451612903225806,128.0,31.0,97.0,0.2421875,0.28306418657302856,0.040876686573028564,0.15253709968835338,0.10750217401073316
DEVELOPMENT,DEVELOPMENT_DIAGNOSTIC,M3T,repeated_exchange_timestamp,UNIQUE,384,True,0.6276041666666666,0.351905162505046,0.8600125312805176,0.5080849391570924,0.5770508646965027,0.005597014925373134,0.47761194029850745,486.0,134.0,352.0,0.2757201646090535,0.2831708490848541,0.007450684475800606,0.1584075592379012,0.06240803816589552
DEVELOPMENT,DEVELOPMENT_DIAGNOSTIC,XGBOOST,spread_bucket,Q1,120,True,0.675,0.3298539802166745,0.7334640622138977,0.4158932270711848,0.7102096676826477,,,,,,,,,,
DEVELOPMENT,DEVELOPMENT_DIAGNOSTIC,XGBOOST,spread_bucket,Q2,245,True,0.6285714285714286,0.35606226172263905,0.8491911888122559,0.5068251814051978,0.6126998066902161,0.004699248120300752,0.48120300751879697,448.0,133.0,315.0,0.296875,0.26273468136787415,-0.034140318632125854,0.167458608371037,0.053464118619948355
DEVELOPMENT,DEVELOPMENT_DIAGNOSTIC,XGBOOST,spread_bucket,Q3,19,False,0.631578947368421,0.5907692307692307,0.8171380758285522,0.5179965711316494,0.6681993007659912,0.125,0.0,38.0,1.0,37.0,0.02631578947368421,0.06673406809568405,0.04041827862199984,0.02962692588184707,0.04041827896511868
DEVELOPMENT,DEVELOPMENT_DIAGNOSTIC,XGBOOST,top_depth_bucket,Q1,97,True,0.711340206185567,0.3197852760736196,0.610256552696228,0.35352366116614586,0.7194333672523499,-0.125,1.0,2.0,1.0,1.0,0.5,0.4628845453262329,-0.03711545467376709,0.25328612039634013,0.03711545467376709
DEVELOPMENT,DEVELOPMENT_DIAGNOSTIC,XGBOOST,top_depth_bucket,Q2,96,True,0.5,0.31021846370683576,1.058786392211914,0.6278715062514132,0.6114778518676758,0.03125,0.375,102.0,40.0,62.0,0.39215686274509803,0.31276246905326843,-0.0793943936918296,0.18088195622140163,0.11772159125436754
DEVELOPMENT,DEVELOPMENT_DIAGNOSTIC,XGBOOST,top_depth_bucket,Q3,100,True,0.67,0.3852813852813853,0.7487465143203735,0.4507402306217766,0.615953266620636,0.0020491803278688526,0.4918032786885246,200.0,61.0,139.0,0.305,0.2671082019805908,-0.03789179801940917,0.1660589327472038,0.06391182255931198
DEVELOPMENT,DEVELOPMENT_DIAGNOSTIC,XGBOOST,top_depth_bucket,Q4,91,True,0.6923076923076923,0.5423484237043559,0.8338472247123718,0.48659130493283004,0.6368148922920227,-0.015625,0.5625,182.0,32.0,150.0,0.17582417582417584,0.18676835298538208,0.010944177161206242,0.13175253521383715,0.06682991227237406
DEVELOPMENT,DEVELOPMENT_DIAGNOSTIC,XGBOOST,top5_depth_bucket,Q1,97,True,0.6804123711340206,0.34368986983588007,0.7318277955055237,0.4123315522210205,0.7035964727401733,,,,,,,,,,
DEVELOPMENT,DEVELOPMENT_DIAGNOSTIC,XGBOOST,top5_depth_bucket,Q2,96,True,0.5104166666666666,0.3333333333333333,0.9511429667472839,0.5875504717005479,0.618780791759491,-0.01524390243902439,0.5609756097560976,104.0,41.0,63.0,0.3942307692307692,0.3168472647666931,-0.0773835044640761,0.1748041192431563,0.11795531949386574
DEVELOPMENT,DEVELOPMENT_DIAGNOSTIC,XGBOOST,top5_depth_bucket,Q3,95,True,0.7052631578947368,0.3622253389434315,0.7440009713172913,0.44196855671821367,0.5995430946350098,0.018518518518518517,0.42592592592592593,190.0,54.0,136.0,0.28421052631578947,0.25746268033981323,-0.026747845975976237,0.17316057120506734,0.06369207546507058
DEVELOPMENT,DEVELOPMENT_DIAGNOSTIC,XGBOOST,top5_depth_bucket,Q4,96,True,0.6770833333333334,0.5208333333333334,0.8189169764518738,0.47430492507703237,0.6606665253639221,0.009615384615384616,0.46153846153846156,192.0,39.0,153.0,0.203125,0.1998489648103714,-0.003276035189628601,0.13055803543481104,0.049435626375876986
DEVELOPMENT,DEVELOPMENT_DIAGNOSTIC,XGBOOST,depth_slope_bucket,Q1,96,True,0.6041666666666666,0.31378857063788573,0.8653027415275574,0.5056416045144146,0.6818729043006897,,,,,,,,,,
DEVELOPMENT,DEVELOPMENT_DIAGNOSTIC,XGBOOST,depth_slope_bucket,Q2,96,True,0.625,0.3653378251918398,0.7941262125968933,0.46713836490089305,0.6327155232429504,-0.017857142857142856,0.5714285714285714,102.0,35.0,67.0,0.3431372549019608,0.3033760190010071,-0.039761235900953706,0.16965428128096444,0.08254236632994577
DEVELOPMENT,DEVELOPMENT_DIAGNOSTIC,XGBOOST,depth_slope_bucket,Q3,96,True,0.65625,0.40509259259259256,0.7764042019844055,0.4669444771787199,0.637753963470459,0.01650943396226415,0.4339622641509434,192.0,53.0,139.0,0.2760416666666667,0.2323506623506546,-0.04369100431601208,0.17748310685208665,0.08227406110381708
DEVELOPMENT,DEVELOPMENT_DIAGNOSTIC,XGBOOST,depth_slope_bucket,Q4,96,True,0.6875,0.5063770504669963,0.8099287152290344,0.4761223403259412,0.6313284039497375,0.010869565217391304,0.45652173913043476,192.0,46.0,146.0,0.23958333333333334,0.23273615539073944,-0.006847177942593902,0.12898847149726958,0.06014517304720357
DEVELOPMENT,DEVELOPMENT_DIAGNOSTIC,XGBOOST,imbalance_1_bucket,Q1,96,True,0.53125,0.3161172650028916,0.8700011372566223,0.5395389786647938,0.6132131218910217,0.013888888888888888,0.4444444444444444,110.0,36.0,74.0,0.32727272727272727,0.34703612327575684,0.019763396003029565,0.15312737877024982,0.10737192166799847
DEVELOPMENT,DEVELOPMENT_DIAGNOSTIC,XGBOOST,imbalance_1_bucket,Q2,101,True,0.6831683168316832,0.4576719576719577,0.7505300641059875,0.4367017014334211,0.6441119909286499,0.010416666666666666,0.4583333333333333,120.0,24.0,96.0,0.2,0.18081523478031158,-0.019184765219688427,0.1613758454354485,0.09060503259922068
DEVELOPMENT,DEVELOPMENT_DIAGNOSTIC,XGBOOST,imbalance_1_bucket,Q3,91,True,0.7032967032967034,0.46890510948905106,0.8321277499198914,0.47050202944719416,0.6515108942985535,-0.016304347826086956,0.5652173913043478,126.0,23.0,103.0,0.18253968253968253,0.21053539216518402,0.02799570962550149,0.12103223596855808,0.05877578722697401
DEVELOPMENT,DEVELOPMENT_DIAGNOSTIC,XGBOOST,imbalance_1_bucket,Q4,96,True,0.65625,0.2851592851592852,0.7973529696464539,0.4708645111252771,0.6752201914787292,0.007352941176470588,0.47058823529411764,130.0,51.0,79.0,0.3923076923076923,0.2603212296962738,-0.1319864626114185,0.1899084991131935,0.17350514975304787
DEVELOPMENT,DEVELOPMENT_DIAGNOSTIC,XGBOOST,signed_volume_bucket,Q1,96,True,0.65625,0.38446831925092795,0.7896847724914551,0.47579964455639884,0.6591805219650269,0.013888888888888888,0.4444444444444444,136.0,36.0,100.0,0.2647058823529412,0.2968336343765259,0.0321277520235847,0.15860315572521896,0.08721363456810222
DEVELOPMENT,DEVELOPMENT_DIAGNOSTIC,XGBOOST,signed_volume_bucket,Q2,96,True,0.65625,0.4393570743935707,0.8468351364135742,0.4913333082631186,0.6504619717597961,0.005434782608695652,0.4782608695652174,98.0,23.0,75.0,0.23469387755102042,0.22562333941459656,-0.009070538136423861,0.11276768112472095,0.0795733874321592
DEVELOPMENT,DEVELOPMENT_DIAGNOSTIC,XGBOOST,signed_volume_bucket,Q3,97,True,0.5979381443298969,0.3922233641658102,0.8197418451309204,0.4927566399966471,0.6371267437934875,0.0,0.5,102.0,30.0,72.0,0.29411764705882354,0.24619285762310028,-0.04792478943572326,0.15355424033201787,0.055580048255768476
DEVELOPMENT,DEVELOPMENT_DIAGNOSTIC,XGBOOST,signed_volume_bucket,Q4,95,True,0.6631578947368421,0.41165435871318223,0.7891817688941956,0.45556983151545855,0.6368992328643799,0.002777777777777778,0.4888888888888889,150.0,45.0,105.0,0.3,0.21765924990177155,-0.08234075009822844,0.18575656860677678,0.10266877507170041
DEVELOPMENT,DEVELOPMENT_DIAGNOSTIC,XGBOOST,microprice_minus_mid_bucket,Q1,96,True,0.6145833333333334,0.4977416440831075,0.7546930909156799,0.4789479979396521,0.5848715901374817,0.011363636363636364,0.45454545454545453,192.0,55.0,137.0,0.2864583333333333,0.2791692912578583,-0.0072890420754750385,0.16055695748292997,0.044434242736315355
DEVELOPMENT,DEVELOPMENT_DIAGNOSTIC,XGBOOST,microprice_minus_mid_bucket,Q2,100,True,0.6,0.3129055515501082,0.8666062355041504,0.4986860081401223,0.6696751117706299,0.025,0.4,38.0,5.0,33.0,0.13157894736842105,0.1650342047214508,0.03345525735302976,0.14163624421733528,0.143592283276743
DEVELOPMENT,DEVELOPMENT_DIAGNOSTIC,XGBOOST,microprice_minus_mid_bucket,Q3,92,True,0.6956521739130435,0.4627329192546583,0.8173597455024719,0.47244429332674026,0.6629087924957275,-0.025,0.6,64.0,5.0,59.0,0.078125,0.18354012072086334,0.10541512072086334,0.07834411421201717,0.10541511926567182
DEVELOPMENT,DEVELOPMENT_DIAGNOSTIC,XGBOOST,microprice_minus_mid_bucket,Q4,96,True,0.6666666666666666,0.4008492569002124,0.8050506711006165,0.46467508272956315,0.6659333109855652,0.0018115942028985507,0.4927536231884058,192.0,69.0,123.0,0.359375,0.25324299931526184,-0.10613200068473816,0.18189657972491866,0.14159940134656304
DEVELOPMENT,DEVELOPMENT_DIAGNOSTIC,XGBOOST,event_rate_bucket,Q1,96,True,0.6770833333333334,0.307079231129864,0.7271563410758972,0.4146828840009072,0.7272818684577942,,,,,,,,,,
DEVELOPMENT,DEVELOPMENT_DIAGNOSTIC,XGBOOST,event_rate_bucket,Q2,96,True,0.6041666666666666,0.3957357161018488,0.9263182282447815,0.5448331265572092,0.6210395693778992,0.015,0.44,104.0,25.0,79.0,0.2403846153846154,0.22190359234809875,-0.018481023036516636,0.1496986561394966,0.09118665627633724
DEVELOPMENT,DEVELOPMENT_DIAGNOSTIC,XGBOOST,event_rate_bucket,Q3,96,True,0.6354166666666666,0.349910394265233,0.8155763149261475,0.4809773710761678,0.6439642906188965,0.0024509803921568627,0.49019607843137253,190.0,51.0,139.0,0.26842105263157895,0.2250388264656067,-0.04338222616597226,0.1625618625080953,0.060986423414004474
DEVELOPMENT,DEVELOPMENT_DIAGNOSTIC,XGBOOST,event_rate_bucket,Q4,96,True,0.65625,0.5126714370900417,0.7767108082771301,0.47535340528568454,0.5913851261138916,0.004310344827586207,0.4827586206896552,192.0,58.0,134.0,0.3020833333333333,0.28336283564567566,-0.018720497687657656,0.154645133430672,0.06871776050926807
DEVELOPMENT,DEVELOPMENT_DIAGNOSTIC,XGBOOST,realized_vol_50_bucket,Q1,96,True,0.6145833333333334,0.40474512567535825,0.8548769354820251,0.5038849878584455,0.6381273865699768,-0.007653061224489796,0.5306122448979592,192.0,49.0,143.0,0.2552083333333333,0.22321772575378418,-0.031990607579549135,0.14316989647609404,0.045355859581225864
DEVELOPMENT,DEVELOPMENT_DIAGNOSTIC,XGBOOST,realized_vol_50_bucket,Q2,96,True,0.6770833333333334,0.44841269841269843,0.8220719695091248,0.49648615100858445,0.6189554333686829,0.018518518518518517,0.42592592592592593,192.0,54.0,138.0,0.28125,0.26190808415412903,-0.01934191584587097,0.1704077556442237,0.07653214389574713
DEVELOPMENT,DEVELOPMENT_DIAGNOSTIC,XGBOOST,realized_vol_50_bucket,Q3,96,True,0.65625,0.42795648795648794,0.769457995891571,0.4550954578166302,0.6194950938224792,0.004032258064516129,0.4838709677419355,102.0,31.0,71.0,0.30392156862745096,0.2656555771827698,-0.03826599144468118,0.156278142417978,0.06414899093044155
DEVELOPMENT,DEVELOPMENT_DIAGNOSTIC,XGBOOST,realized_vol_50_bucket,Q4,96,True,0.625,0.3267374517374517,0.7993550300598145,0.46038019023630866,0.707092821598053,,,,,,,,,,
DEVELOPMENT,DEVELOPMENT_DIAGNOSTIC,XGBOOST,queue_ahead_bucket,Q1,62,True,0.5806451612903226,0.35564240351734244,0.8133978247642517,0.48768761183331877,0.6171488761901855,0.023809523809523808,0.40476190476190477,124.0,42.0,82.0,0.3387096774193548,0.2947733700275421,-0.0439363073918127,0.18149476986432458,0.07285616646010068
DEVELOPMENT,DEVELOPMENT_DIAGNOSTIC,XGBOOST,queue_ahead_bucket,Q2,62,True,0.5967741935483871,0.3371158392434988,0.8949881792068481,0.5538672423059431,0.6142737865447998,-0.005952380952380952,0.5238095238095238,124.0,42.0,82.0,0.3387096774193548,0.28373995423316956,-0.05496972318618526,0.16195872388787627,0.12148579846947424
DEVELOPMENT,DEVELOPMENT_DIAGNOSTIC,XGBOOST,queue_ahead_bucket,Q3,60,True,0.7166666666666667,0.3741496598639456,0.7696617841720581,0.43630548319536483,0.6195432543754578,-0.004032258064516129,0.5161290322580645,120.0,31.0,89.0,0.25833333333333336,0.22854754328727722,-0.029785790046056138,0.15841430760899755,0.05378552502952516
DEVELOPMENT,DEVELOPMENT_DIAGNOSTIC,XGBOOST,queue_ahead_bucket,Q4,59,True,0.6949152542372882,0.6001212751212751,0.7898334860801697,0.47677971205215913,0.6402927041053772,0.006578947368421052,0.47368421052631576,118.0,19.0,99.0,0.16101694915254236,0.178641214966774,0.017624265814231627,0.12329940335069632,0.07037486759472196
DEVELOPMENT,DEVELOPMENT_DIAGNOSTIC,XGBOOST,queue_ahead_bucket,<NA>,141,True,0.6382978723404256,0.3271387897139242,0.8006619811058044,0.461252188545273,0.6860589385032654,,,,,,,,,,
DEVELOPMENT,DEVELOPMENT_DIAGNOSTIC,XGBOOST,session_position_bucket,Q1,96,True,0.625,0.33796296296296297,0.8880675435066223,0.5042586974282891,0.6847672462463379,-0.0125,0.55,88.0,20.0,68.0,0.22727272727272727,0.20933528244495392,-0.017937444827773347,0.1337568299945744,0.06918176155622031
DEVELOPMENT,DEVELOPMENT_DIAGNOSTIC,XGBOOST,session_position_bucket,Q2,96,True,0.6458333333333334,0.4275362318840579,0.8355935215950012,0.49388294336085586,0.6142563819885254,-0.023809523809523808,0.5952380952380952,156.0,42.0,114.0,0.2692307692307692,0.24595539271831512,-0.023275376512454093,0.15980129321120173,0.06557145976246549
DEVELOPMENT,DEVELOPMENT_DIAGNOSTIC,XGBOOST,session_position_bucket,Q3,96,True,0.65625,0.4758169934640523,0.7635995745658875,0.4650417375776568,0.6202393174171448,0.03,0.38,168.0,50.0,118.0,0.2976190476190476,0.2533681392669678,-0.04425090835207984,0.14884400476544937,0.06624188317385102
DEVELOPMENT,DEVELOPMENT_DIAGNOSTIC,XGBOOST,session_position_bucket,Q4,96,True,0.6458333333333334,0.39144368186575534,0.7585012316703796,0.4526634085531669,0.6644079685211182,0.022727272727272728,0.4090909090909091,74.0,22.0,52.0,0.2972972972972973,0.28222474455833435,-0.015072552738962963,0.19516059665769273,0.08419789356255047
DEVELOPMENT,DEVELOPMENT_DIAGNOSTIC,XGBOOST,m3t_confidence_bucket,Q1,96,True,0.65625,0.5241998438719749,0.8399956226348877,0.4909977068259326,0.6267877221107483,-0.002551020408163265,0.5102040816326531,192.0,49.0,143.0,0.2552083333333333,0.2292749434709549,-0.02593338986237842,0.13263843129922234,0.035105262446450076
DEVELOPMENT,DEVELOPMENT_DIAGNOSTIC,XGBOOST,m3t_confidence_bucket,Q2,96,True,0.6145833333333334,0.36487673083417765,0.8042479157447815,0.4980247811172139,0.6254624724388123,0.004464285714285714,0.48214285714285715,192.0,56.0,136.0,0.2916666666666667,0.2615533173084259,-0.030113349358240782,0.16069149622557446,0.07580837896481778
DEVELOPMENT,DEVELOPMENT_DIAGNOSTIC,XGBOOST,m3t_confidence_bucket,Q3,96,True,0.6458333333333334,0.3725717550581435,0.8474082946777344,0.49522413874547794,0.6269256472587585,0.021551724137931036,0.41379310344827586,102.0,29.0,73.0,0.28431372549019607,0.2549215257167816,-0.02939219977341445,0.19439150636248803,0.14226304807280207
DEVELOPMENT,DEVELOPMENT_DIAGNOSTIC,XGBOOST,m3t_confidence_bucket,Q4,96,True,0.65625,0.267515923566879,0.7541100382804871,0.43160016023134434,0.7044949531555176,,,,,,,,,,
DEVELOPMENT,DEVELOPMENT_DIAGNOSTIC,XGBOOST,m3t_entropy_bucket,Q1,96,True,0.6354166666666666,0.2623655913978495,0.7921611666679382,0.45533051358933346,0.7025086283683777,,,,,,,,,,
DEVELOPMENT,DEVELOPMENT_DIAGNOSTIC,XGBOOST,m3t_entropy_bucket,Q2,96,True,0.6041666666666666,0.3578835978835979,0.8489852547645569,0.51317526749501,0.638420045375824,-0.009615384615384616,0.5384615384615384,102.0,39.0,63.0,0.38235294117647056,0.29218897223472595,-0.09016396894174461,0.19640615789320862,0.16345804493289953
DEVELOPMENT,DEVELOPMENT_DIAGNOSTIC,XGBOOST,m3t_entropy_bucket,Q3,96,True,0.6770833333333334,0.38519422412039866,0.7047236561775208,0.42013580074903817,0.6271610260009766,0.017241379310344827,0.43103448275862066,192.0,58.0,134.0,0.3020833333333333,0.2657172381877899,-0.0363660951455434,0.15859898080930376,0.08605478863076617
DEVELOPMENT,DEVELOPMENT_DIAGNOSTIC,XGBOOST,m3t_entropy_bucket,Q4,96,True,0.65625,0.5185185185185186,0.8998917937278748,0.5272052050865872,0.6155811548233032,0.0033783783783783786,0.4864864864864865,192.0,37.0,155.0,0.19270833333333334,0.20531271398067474,0.012604380647341401,0.13366066308979774,0.05193140098708682
DEVELOPMENT,DEVELOPMENT_DIAGNOSTIC,XGBOOST,xgboost_confidence_bucket,Q1,96,True,0.5,0.3510833428866216,0.96319979429245,0.5884107797931216,0.48838722705841064,0.01875,0.425,140.0,40.0,100.0,0.2857142857142857,0.2930485010147095,0.007334215300423774,0.1506093686414434,0.05064471952084984
DEVELOPMENT,DEVELOPMENT_DIAGNOSTIC,XGBOOST,xgboost_confidence_bucket,Q2,96,True,0.5104166666666666,0.37824235385210997,0.9667835831642151,0.5951359546860518,0.600241482257843,-0.013157894736842105,0.5526315789473685,142.0,38.0,104.0,0.2676056338028169,0.24865373969078064,-0.01895189411203624,0.16643216971469105,0.04828920862047185
DEVELOPMENT,DEVELOPMENT_DIAGNOSTIC,XGBOOST,xgboost_confidence_bucket,Q3,96,True,0.8020833333333334,0.47966371279254716,0.6294284462928772,0.34886812437805403,0.6929071545600891,0.006578947368421052,0.47368421052631576,132.0,38.0,94.0,0.2878787878787879,0.2270866483449936,-0.06079213953379431,0.16101675372594226,0.07516770435948715
DEVELOPMENT,DEVELOPMENT_DIAGNOSTIC,XGBOOST,xgboost_confidence_bucket,Q4,96,True,0.7604166666666666,0.42185592185592186,0.6863500475883484,0.38343192806274123,0.8021349310874939,0.013888888888888888,0.4444444444444444,72.0,18.0,54.0,0.25,0.1934717297554016,-0.05652827024459839,0.14131095184197487,0.12467932840809226
DEVELOPMENT,DEVELOPMENT_DIAGNOSTIC,XGBOOST,xgboost_entropy_bucket,Q1,96,True,0.78125,0.4207901802838512,0.6365310549736023,0.35591874299421394,0.7992197871208191,0.008333333333333333,0.4666666666666667,74.0,15.0,59.0,0.20270270270270271,0.18790505826473236,-0.014797644437970353,0.12496892416874746,0.10924058669322245
DEVELOPMENT,DEVELOPMENT_DIAGNOSTIC,XGBOOST,xgboost_entropy_bucket,Q2,96,True,0.71875,0.4982484948002189,0.7037647366523743,0.4056772697339297,0.6697688102722168,0.0029069767441860465,0.4883720930232558,148.0,43.0,105.0,0.2905405405405405,0.2539631724357605,-0.03657736810478002,0.1523009755203917,0.07424130726202918
DEVELOPMENT,DEVELOPMENT_DIAGNOSTIC,XGBOOST,xgboost_entropy_bucket,Q3,96,True,0.5833333333333334,0.43090688353373574,0.9126243591308594,0.5516471726228215,0.5972771048545837,0.021341463414634148,0.4146341463414634,146.0,41.0,105.0,0.2808219178082192,0.24148795008659363,-0.03933396772162556,0.17153103928171254,0.04062124624950429
DEVELOPMENT,DEVELOPMENT_DIAGNOSTIC,XGBOOST,xgboost_entropy_bucket,Q4,96,True,0.4895833333333333,0.27117327117327117,0.9928417205810547,0.6026036015690036,0.5174051523208618,-0.010714285714285714,0.5428571428571428,118.0,35.0,83.0,0.2966101694915254,0.2838326692581177,-0.012777500233407735,0.16369070536524963,0.05395368789717302
DEVELOPMENT,DEVELOPMENT_DIAGNOSTIC,XGBOOST,source,databento,384,True,0.6432291666666666,0.4086479066575155,0.8114404678344727,0.47896169672999217,0.6459176540374756,0.005597014925373134,0.47761194029850745,486.0,134.0,352.0,0.2757201646090535,0.24740952253341675,-0.02831064207563677,0.15668164554266412,0.04826760610925808
DEVELOPMENT,DEVELOPMENT_DIAGNOSTIC,XGBOOST,venue,CME_GLOBEX,243,True,0.6460905349794238,0.4416533905892031,0.8176946640014648,0.48923758419519964,0.6226257681846619,0.005597014925373134,0.47761194029850745,486.0,134.0,352.0,0.2757201646090535,0.24740952253341675,-0.02831064207563677,0.15668164554266412,0.04826760610925808
DEVELOPMENT,DEVELOPMENT_DIAGNOSTIC,XGBOOST,venue,ICE_FUTURES_EUROPE,141,True,0.6382978723404256,0.3271387897139242,0.8006619811058044,0.461252188545273,0.6860589385032654,,,,,,,,,,
DEVELOPMENT,DEVELOPMENT_DIAGNOSTIC,XGBOOST,instrument,BRN,141,True,0.6382978723404256,0.3271387897139242,0.8006619811058044,0.461252188545273,0.6860589385032654,,,,,,,,,,
DEVELOPMENT,DEVELOPMENT_DIAGNOSTIC,XGBOOST,instrument,ES,243,True,0.6460905349794238,0.4416533905892031,0.8176946640014648,0.48923758419519964,0.6226257681846619,0.005597014925373134,0.47761194029850745,486.0,134.0,352.0,0.2757201646090535,0.24740952253341675,-0.02831064207563677,0.15668164554266412,0.04826760610925808
DEVELOPMENT,DEVELOPMENT_DIAGNOSTIC,XGBOOST,modality,L1=1/L2=1/L3=0,141,True,0.6382978723404256,0.3271387897139242,0.8006619811058044,0.461252188545273,0.6860589385032654,,,,,,,,,,
DEVELOPMENT,DEVELOPMENT_DIAGNOSTIC,XGBOOST,modality,L1=1/L2=1/L3=1,243,True,0.6460905349794238,0.4416533905892031,0.8176946640014648,0.48923758419519964,0.6226257681846619,0.005597014925373134,0.47761194029850745,486.0,134.0,352.0,0.2757201646090535,0.24740952253341675,-0.02831064207563677,0.15668164554266412,0.04826760610925808
DEVELOPMENT,DEVELOPMENT_DIAGNOSTIC,XGBOOST,reset_generation,0,141,True,0.6382978723404256,0.3271387897139242,0.8006619811058044,0.461252188545273,0.6860589385032654,,,,,,,,,,
DEVELOPMENT,DEVELOPMENT_DIAGNOSTIC,XGBOOST,reset_generation,1,243,True,0.6460905349794238,0.4416533905892031,0.8176946640014648,0.48923758419519964,0.6226257681846619,0.005597014925373134,0.47761194029850745,486.0,134.0,352.0,0.2757201646090535,0.24740952253341675,-0.02831064207563677,0.15668164554266412,0.04826760610925808
DEVELOPMENT,DEVELOPMENT_DIAGNOSTIC,XGBOOST,clear_proximity,OTHER,256,True,0.671875,0.454069035021416,0.7648612260818481,0.4548661867351824,0.6398516297340393,0.01820388349514563,0.42718446601941745,358.0,103.0,255.0,0.2877094972067039,0.25011196732521057,-0.03759752988149334,0.1603592704282678,0.059868094292807504
DEVELOPMENT,DEVELOPMENT_DIAGNOSTIC,XGBOOST,clear_proximity,WITHIN_64_ROWS_OF_RESET,128,True,0.5859375,0.3228563551144196,0.9045989513397217,0.5271527167196118,0.6580498218536377,-0.036290322580645164,0.6451612903225806,128.0,31.0,97.0,0.2421875,0.23985108733177185,-0.0023364126682281494,0.14639578844074136,0.08587992035609204
DEVELOPMENT,DEVELOPMENT_DIAGNOSTIC,XGBOOST,repeated_exchange_timestamp,UNIQUE,384,True,0.6432291666666666,0.4086479066575155,0.8114404678344727,0.47896169672999217,0.6459176540374756,0.005597014925373134,0.47761194029850745,486.0,134.0,352.0,0.2757201646090535,0.24740952253341675,-0.02831064207563677,0.15668164554266412,0.04826760610925808
FINAL_POSTHOC_ONLY,EXPLORATORY_POSTHOC,M3T,spread_bucket,Q1,1627,True,0.3239090350338045,0.23690226039401005,2.176759958267212,0.9732828642236443,0.7316189408302307,-0.002262247838620691,0.6157540826128722,3254.0,1041.0,2213.0,0.3199139520590043,0.3655715882778168,0.04565763621881247,0.279128858841222,0.2011170220782158
FINAL_POSTHOC_ONLY,EXPLORATORY_POSTHOC,M3T,spread_bucket,Q2,1580,True,0.31139240506329113,0.26685025854182987,2.454669237136841,0.9954859584890197,0.7178269624710083,-0.001278947368417526,0.5515789473684211,3160.0,950.0,2210.0,0.30063291139240506,0.3884270489215851,0.08779413752918003,0.3036623863444486,0.2443166752234721
FINAL_POSTHOC_ONLY,EXPLORATORY_POSTHOC,M3T,top_depth_bucket,Q1,17,False,0.11764705882352941,0.07407407407407407,8.310373306274414,1.5192435922514589,0.8744166493415833,0.017187499999986144,0.0625,34.0,16.0,18.0,0.47058823529411764,0.49898988008499146,0.028401644790873815,0.5984426700911264,0.6304373665388044
FINAL_POSTHOC_ONLY,EXPLORATORY_POSTHOC,M3T,top_depth_bucket,Q2,20,False,0.15,0.15595238095238095,1.6743816137313843,0.9262971168560858,0.5334976315498352,0.0056250000000019895,0.375,40.0,16.0,24.0,0.4,0.31341874599456787,-0.08658125400543215,0.3370177330829566,0.3364637885485536
FINAL_POSTHOC_ONLY,EXPLORATORY_POSTHOC,M3T,top_depth_bucket,Q3,17,False,0.47058823529411764,0.4686609686609686,0.9840348362922668,0.6031784232609914,0.5858729481697083,0.0,0.5,34.0,8.0,26.0,0.23529411764705882,0.3562634587287903,0.12096934108173146,0.21189438535492486,0.19937268558723464
FINAL_POSTHOC_ONLY,EXPLORATORY_POSTHOC,M3T,top_depth_bucket,Q4,3153,True,0.31906121154456074,0.2562667825673453,2.292570114135742,0.9837589336833769,0.725980281829834,-0.00201691440287063,0.5914915427985649,6306.0,1951.0,4355.0,0.30938788455439264,0.37668633460998535,0.0672984500555927,0.2896965236773406,0.22084990927839226
FINAL_POSTHOC_ONLY,EXPLORATORY_POSTHOC,M3T,top5_depth_bucket,Q2,3,False,0.3333333333333333,0.25,1.435949683189392,0.8072972645478943,0.6275184154510498,,,6.0,0.0,6.0,0.0,0.20494090020656586,0.20494090020656586,0.06925594286412308,0.20494089306642613
FINAL_POSTHOC_ONLY,EXPLORATORY_POSTHOC,M3T,top5_depth_bucket,Q3,1,False,0.0,0.0,15.942384719848633,1.99999999724906,1.0,,,2.0,0.0,2.0,0.0,0.5,0.5,0.49999990000001004,0.5
FINAL_POSTHOC_ONLY,EXPLORATORY_POSTHOC,M3T,top5_depth_bucket,Q4,3203,True,0.31782703715266936,0.25626312274850677,2.3102450370788574,0.9840702912000086,0.7248291969299316,-0.0017930688096437916,0.5851330989452537,6406.0,1991.0,4415.0,0.310802372775523,0.3769543468952179,0.06615197411969492,0.29135855636288,0.2223694374396941
FINAL_POSTHOC_ONLY,EXPLORATORY_POSTHOC,M3T,depth_slope_bucket,Q2,8,False,0.25,0.21666666666666667,1.4942351579666138,0.8865736786109527,0.65638667345047,0.0024999999999977263,0.0,16.0,2.0,14.0,0.125,0.21873562037944794,0.09373562037944794,0.19914640928051583,0.2612178806812629
FINAL_POSTHOC_ONLY,EXPLORATORY_POSTHOC,M3T,depth_slope_bucket,Q3,2,False,1.0,1.0,0.6782236099243164,0.38504241892261604,0.5089040398597717,,,4.0,0.0,4.0,0.0,0.22269600629806519,0.22269600629806519,0.08250262022001834,0.22269600816071033
FINAL_POSTHOC_ONLY,EXPLORATORY_POSTHOC,M3T,depth_slope_bucket,Q4,3197,True,0.3174851423209259,0.25534006305083745,2.316751718521118,0.9848409009189201,0.7251303195953369,-0.001797385620915427,0.5857214680744093,6394.0,1989.0,4405.0,0.31107288082577417,0.37732383608818054,0.06625095526240637,0.29157680551899057,0.22252799499396317
FINAL_POSTHOC_ONLY,EXPLORATORY_POSTHOC,M3T,imbalance_1_bucket,Q1,615,True,0.4016260162601626,0.2941618671066696,1.9998695850372314,0.8560966835872862,0.7188243269920349,-0.0022127139364310155,0.5452322738386308,1230.0,409.0,821.0,0.33252032520325203,0.3901592195034027,0.05763889430015068,0.3006746793267385,0.22383536119776615
FINAL_POSTHOC_ONLY,EXPLORATORY_POSTHOC,M3T,imbalance_1_bucket,Q2,1118,True,0.313953488372093,0.25769411506449397,2.3180410861968994,0.9869265746620972,0.7357109189033508,-0.0019687500000000304,0.59375,2236.0,640.0,1596.0,0.28622540250447226,0.39665940403938293,0.11043400153491068,0.29599030427963113,0.23617843618003823
FINAL_POSTHOC_ONLY,EXPLORATORY_POSTHOC,M3T,imbalance_1_bucket,Q3,699,True,0.2804005722460658,0.2291186570751095,2.2497098445892334,1.021677350120604,0.7159112095832825,-0.0020795454545453717,0.6204545454545455,1398.0,440.0,958.0,0.3147353361945637,0.3645339012145996,0.049798565020035934,0.2775988546765399,0.19840042538559158
FINAL_POSTHOC_ONLY,EXPLORATORY_POSTHOC,M3T,imbalance_1_bucket,Q4,775,True,0.2903225806451613,0.24845770470196485,2.6141018867492676,1.048210575344274,0.7219187021255493,-0.0009760956175309177,0.5756972111553785,1550.0,502.0,1048.0,0.32387096774193547,0.3487449288368225,0.024873961094887043,0.28910391789603074,0.2230732974623575
FINAL_POSTHOC_ONLY,EXPLORATORY_POSTHOC,M3T,signed_volume_bucket,Q1,1662,True,0.3309265944645006,0.23644283068488958,2.4243671894073486,1.0263094862542126,0.7690649032592773,-0.0017887725975267292,0.5775451950523312,3324.0,1051.0,2273.0,0.31618531889290014,0.36698272824287415,0.05079740934997401,0.29377406936047384,0.23256978041691775
FINAL_POSTHOC_ONLY,EXPLORATORY_POSTHOC,M3T,signed_volume_bucket,Q2,13,False,0.5384615384615384,0.34640522875817,1.3949413299560547,0.7230643630620156,0.684695303440094,3.157967714489334e-15,0.4444444444444444,26.0,9.0,17.0,0.34615384615384615,0.3757536709308624,0.02959982477701628,0.2784790561325084,0.249109632980365
FINAL_POSTHOC_ONLY,EXPLORATORY_POSTHOC,M3T,signed_volume_bucket,Q3,88,True,0.3181818181818182,0.20286604361370716,3.339153528213501,0.9822946483108843,0.7697551250457764,0.0006818181818188536,0.5,176.0,22.0,154.0,0.125,0.5228031873703003,0.3978031873703003,0.428259170048919,0.47795110437468574
FINAL_POSTHOC_ONLY,EXPLORATORY_POSTHOC,M3T,signed_volume_bucket,Q4,1444,True,0.30055401662049863,0.24140192674146496,2.1320552825927734,0.9382485474922818,0.6715272068977356,-0.0018756875687571395,0.5973597359735974,2888.0,909.0,1979.0,0.31475069252077564,0.37928175926208496,0.06453106674130932,0.2800344084402783,0.19654482101315104
FINAL_POSTHOC_ONLY,EXPLORATORY_POSTHOC,M3T,microprice_minus_mid_bucket,Q1,6,False,0.3333333333333333,0.19047619047619047,3.854501485824585,1.1151272694350787,0.8803648948669434,0.020000000000010232,0.0,12.0,2.0,10.0,0.16666666666666666,0.316643089056015,0.14997642238934836,0.3724647806649854,0.3791058370058474
FINAL_POSTHOC_ONLY,EXPLORATORY_POSTHOC,M3T,microprice_minus_mid_bucket,Q2,1724,True,0.3451276102088167,0.2704264018196625,2.200593948364258,0.9400629703567789,0.7296485304832458,-0.0020430622009572556,0.5751196172248804,3448.0,1045.0,2403.0,0.3030742459396752,0.3947964310646057,0.09172218512493052,0.297234635667172,0.23085997415269333
FINAL_POSTHOC_ONLY,EXPLORATORY_POSTHOC,M3T,microprice_minus_mid_bucket,Q3,1472,True,0.28532608695652173,0.23880966403808154,2.429835557937622,1.0353194199416935,0.7180894017219543,-0.0015940488841662945,0.5982996811902231,2944.0,941.0,2003.0,0.319633152173913,0.3558430075645447,0.03620985539063165,0.2831280061122975,0.21092365708305158
FINAL_POSTHOC_ONLY,EXPLORATORY_POSTHOC,M3T,microprice_minus_mid_bucket,Q4,5,False,0.4,0.3,5.259432792663574,1.0099047677301076,0.8573644757270813,0.008333333333335228,0.3333333333333333,10.0,3.0,7.0,0.3,0.4339585304260254,0.1339585304260254,0.4994996374801417,0.5311918414149769
FINAL_POSTHOC_ONLY,EXPLORATORY_POSTHOC,M3T,event_rate_bucket,Q1,38,True,0.3684210526315789,0.34603174603174597,1.7432301044464111,0.8159512272898555,0.6521115303039551,-0.002499999999992989,0.6666666666666666,76.0,6.0,70.0,0.07894736842105263,0.2856937050819397,0.20674633666088707,0.13217959285482203,0.2067463260506161
FINAL_POSTHOC_ONLY,EXPLORATORY_POSTHOC,M3T,event_rate_bucket,Q2,847,True,0.2857142857142857,0.20181387906689366,2.507172107696533,1.1084927347487843,0.7985070943832397,-0.002339449541285231,0.6574923547400612,1694.0,327.0,1367.0,0.19303423848878395,0.3538854718208313,0.16085123333204734,0.24376183237114046,0.23440308958514056
FINAL_POSTHOC_ONLY,EXPLORATORY_POSTHOC,M3T,event_rate_bucket,Q3,372,True,0.3010752688172043,0.19930198135556887,2.268930196762085,1.043560631001871,0.760001540184021,-0.002944444444445556,0.6888888888888889,744.0,180.0,564.0,0.24193548387096775,0.3617900609970093,0.11985457712604153,0.25949783916122726,0.21680078388965424
FINAL_POSTHOC_ONLY,EXPLORATORY_POSTHOC,M3T,event_rate_bucket,Q4,1950,True,0.33384615384615385,0.2771019017836193,2.2492852210998535,0.9222025573346614,0.6875252723693848,-0.0015290933694183763,0.5561569688768606,3900.0,1478.0,2422.0,0.378974358974359,0.3914443254470825,0.012469966472723526,0.32097791335593917,0.2345487574578249
FINAL_POSTHOC_ONLY,EXPLORATORY_POSTHOC,M3T,realized_vol_50_bucket,Q1,57,True,0.49122807017543857,0.26944444444444443,3.54019832611084,0.8186167721452988,0.8605032563209534,0.0049999999999954525,0.0,114.0,6.0,108.0,0.05263157894736842,0.6390740871429443,0.586442508195576,0.49369758096607713,0.5864425312172589
FINAL_POSTHOC_ONLY,EXPLORATORY_POSTHOC,M3T,realized_vol_50_bucket,Q3,2964,True,0.31275303643724695,0.23142783820216395,2.2674808502197266,0.9930932013554344,0.726104199886322,-0.0021676454885213334,0.601174586225307,5928.0,1873.0,4055.0,0.3159581646423752,0.3730490207672119,0.05709085612483672,0.28368453241357633,0.21079913087082447
FINAL_POSTHOC_ONLY,EXPLORATORY_POSTHOC,M3T,realized_vol_50_bucket,Q4,186,True,0.34408602150537637,0.3162060807409644,2.6739847660064697,0.8936001595415648,0.6628441214561462,0.004107142857140137,0.3482142857142857,372.0,112.0,260.0,0.3010752688172043,0.35674816370010376,0.05567289488289945,0.3491801482257545,0.3040620794424852
FINAL_POSTHOC_ONLY,EXPLORATORY_POSTHOC,M3T,queue_ahead_bucket,Q1,63,True,0.2698412698412698,0.2530135695622189,3.2571799755096436,0.9747112044149331,0.656026303768158,0.007142857142852966,0.3469387755102041,126.0,49.0,77.0,0.3888888888888889,0.36425507068634033,-0.024633818202548563,0.3719347276101327,0.32243142659340407
FINAL_POSTHOC_ONLY,EXPLORATORY_POSTHOC,M3T,queue_ahead_bucket,Q2,10,False,0.4,0.35714285714285715,1.143497109413147,0.6974600403852356,0.5499871969223022,0.0014999999999986357,0.6,20.0,10.0,10.0,0.5,0.4185660481452942,-0.08143395185470581,0.36296246333834187,0.4192717265670581
FINAL_POSTHOC_ONLY,EXPLORATORY_POSTHOC,M3T,queue_ahead_bucket,Q3,26,False,0.4230769230769231,0.4068504594820384,2.173847198486328,0.7046565505681716,0.6221866011619568,-0.004411764705881684,0.5294117647058824,52.0,17.0,35.0,0.3269230769230769,0.3966054618358612,0.06968238491278428,0.30592041434396516,0.25201263500025955
FINAL_POSTHOC_ONLY,EXPLORATORY_POSTHOC,M3T,queue_ahead_bucket,Q4,3108,True,0.31756756756756754,0.25413333436589247,2.299488067626953,0.9876758551826754,0.7276396751403809,-0.0020156657963449516,0.591644908616188,6216.0,1915.0,4301.0,0.30807593307593306,0.37678706645965576,0.0687111333837227,0.2892257981058984,0.22076016533665851
FINAL_POSTHOC_ONLY,EXPLORATORY_POSTHOC,M3T,session_position_bucket,Q1,2851,True,0.3226937916520519,0.2513299765954233,2.199322462081909,0.9733896565355039,0.7180818915367126,-0.0018976423231746042,0.5894192064404831,5702.0,1739.0,3963.0,0.30498070852332515,0.3741644620895386,0.06918375356621342,0.2813788025290368,0.213256565648678
FINAL_POSTHOC_ONLY,EXPLORATORY_POSTHOC,M3T,session_position_bucket,Q2,59,True,0.288135593220339,0.20287317620650955,3.0270028114318848,1.1431155681095004,0.7947841286659241,-0.003928571428572593,0.7619047619047619,118.0,42.0,76.0,0.3559322033898305,0.27861443161964417,-0.07731777177018634,0.2706058051106051,0.19342229106370867
FINAL_POSTHOC_ONLY,EXPLORATORY_POSTHOC,M3T,session_position_bucket,Q3,108,True,0.25925925925925924,0.21871114037012654,2.507246255874634,1.0330470974819603,0.7353079319000244,-0.0005701754385967206,0.5,216.0,114.0,102.0,0.5277777777777778,0.3389137387275696,-0.1888640390502082,0.3690127124893792,0.31228060612652797
FINAL_POSTHOC_ONLY,EXPLORATORY_POSTHOC,M3T,session_position_bucket,Q4,189,True,0.2857142857142857,0.2652962584899059,3.705404043197632,1.070117559128499,0.7986963391304016,-0.00041666666666747193,0.53125,378.0,96.0,282.0,0.25396825396825395,0.4693961441516876,0.21542789018343367,0.4015827634827214,0.401152133334074
FINAL_POSTHOC_ONLY,EXPLORATORY_POSTHOC,M3T,m3t_confidence_bucket,Q1,225,True,0.3422222222222222,0.3192972504370449,1.1637752056121826,0.7014690948862334,0.41418564319610596,-0.0011016949152541987,0.4915254237288136,450.0,177.0,273.0,0.3933333333333333,0.370805948972702,-0.022527384360631286,0.2961875597712072,0.2007577819400467
FINAL_POSTHOC_ONLY,EXPLORATORY_POSTHOC,M3T,m3t_confidence_bucket,Q2,331,True,0.27794561933534745,0.25804909894977474,1.4080983400344849,0.7804340083684482,0.49219202995300293,-0.0016599190283401821,0.5870445344129555,662.0,247.0,415.0,0.3731117824773414,0.3962673544883728,0.02315557201103141,0.303460020810598,0.22405874974391463
FINAL_POSTHOC_ONLY,EXPLORATORY_POSTHOC,M3T,m3t_confidence_bucket,Q3,1042,True,0.33205374280230326,0.2701065088000662,1.601485252380371,0.8350832293037104,0.6258326768875122,-0.0016666666666669038,0.5873715124816447,2084.0,681.0,1403.0,0.32677543186180424,0.38881203532218933,0.06203660346038509,0.28220919675359135,0.1966233517149396
FINAL_POSTHOC_ONLY,EXPLORATORY_POSTHOC,M3T,m3t_confidence_bucket,Q4,1609,True,0.3132380360472343,0.22597801968485387,3.1219937801361084,1.162267312896641,0.880227267742157,-0.0020654627539510263,0.6015801354401806,3218.0,886.0,2332.0,0.2753262896208825,0.36591774225234985,0.09059145263146734,0.293834538784851,0.24177890751126768
FINAL_POSTHOC_ONLY,EXPLORATORY_POSTHOC,M3T,m3t_entropy_bucket,Q1,1949,True,0.31605951770138535,0.23971559903763498,2.927185297012329,1.1098071227382642,0.8395757079124451,-0.0018773062730633042,0.6014760147601476,3898.0,1084.0,2814.0,0.27809132888660854,0.36565738916397095,0.08756606027736241,0.29369555402927033,0.23920505790960112
FINAL_POSTHOC_ONLY,EXPLORATORY_POSTHOC,M3T,m3t_entropy_bucket,Q2,839,True,0.31942789034564956,0.26598098074144977,1.4496073722839355,0.8238088630220599,0.5939595699310303,-0.0018094405594409012,0.5926573426573427,1678.0,572.0,1106.0,0.34088200238379024,0.4020095467567444,0.061127544372954146,0.27957215042877803,0.1928226456637019
FINAL_POSTHOC_ONLY,EXPLORATORY_POSTHOC,M3T,m3t_entropy_bucket,Q3,154,True,0.3181818181818182,0.25946176904537777,1.2080339193344116,0.7316768966447538,0.4968528151512146,-0.0007142857142859669,0.5158730158730159,308.0,126.0,182.0,0.4090909090909091,0.38099023699760437,-0.028100672093304746,0.306018488893911,0.23640891635078617
FINAL_POSTHOC_ONLY,EXPLORATORY_POSTHOC,M3T,m3t_entropy_bucket,Q4,265,True,0.32452830188679244,0.3128992700555487,1.1797128915786743,0.7152116004862018,0.42766064405441284,-0.0019617224880379893,0.5215311004784688,530.0,209.0,321.0,0.39433962264150946,0.37688615918159485,-0.01745346345991461,0.30124040549600817,0.21596445396700698
FINAL_POSTHOC_ONLY,EXPLORATORY_POSTHOC,M3T,xgboost_confidence_bucket,Q1,688,True,0.34156976744186046,0.27425279875063996,2.8457963466644287,1.0139625021826062,0.7523248195648193,-0.0018008048289740923,0.5633802816901409,1376.0,497.0,879.0,0.36119186046511625,0.3579963743686676,-0.003195486096448652,0.3221972150112278,0.24676803669788175
FINAL_POSTHOC_ONLY,EXPLORATORY_POSTHOC,M3T,xgboost_confidence_bucket,Q2,926,True,0.3444924406047516,0.2891061478416959,2.308401107788086,0.9342723836538677,0.7209234237670898,-0.0010221870047543743,0.5419968304278923,1852.0,631.0,1221.0,0.34071274298056153,0.38743969798088074,0.046726955000319204,0.3203474626039282,0.24851683399038166
FINAL_POSTHOC_ONLY,EXPLORATORY_POSTHOC,M3T,xgboost_confidence_bucket,Q3,1053,True,0.2962962962962963,0.22566183492099645,2.147282361984253,0.9949376775662416,0.7134866118431091,-0.0024571917808228465,0.6318493150684932,2106.0,584.0,1522.0,0.27730294396961064,0.37265336513519287,0.09535042116558223,0.26809718525829723,0.2078035199771796
FINAL_POSTHOC_ONLY,EXPLORATORY_POSTHOC,M3T,xgboost_confidence_bucket,Q4,540,True,0.2833333333333333,0.21005168512092384,1.9692407846450806,1.0110874653002841,0.7185826897621155,-0.0021326164874556006,0.6236559139784946,1080.0,279.0,801.0,0.25833333333333336,0.3907870650291443,0.13245373169581093,0.24686935811656982,0.18540136254016978
FINAL_POSTHOC_ONLY,EXPLORATORY_POSTHOC,M3T,xgboost_entropy_bucket,Q1,364,True,0.27197802197802196,0.20315873522836156,1.9746828079223633,1.0216037467644483,0.7197890877723694,-0.0021236559139785494,0.6075268817204301,728.0,186.0,542.0,0.2554945054945055,0.3848261535167694,0.12933164802226393,0.2385466035668855,0.17673161200178727
FINAL_POSTHOC_ONLY,EXPLORATORY_POSTHOC,M3T,xgboost_entropy_bucket,Q2,605,True,0.28429752066115704,0.2174721875656455,2.0500948429107666,1.001192763573312,0.7117800712585449,-0.0020915032679752975,0.6339869281045751,1210.0,306.0,904.0,0.2528925619834711,0.38405641913414,0.13116385715066892,0.2553589240902513,0.21167763798313016
FINAL_POSTHOC_ONLY,EXPLORATORY_POSTHOC,M3T,xgboost_entropy_bucket,Q3,777,True,0.3281853281853282,0.272698076043577,2.2840254306793213,0.9637222834548113,0.7268338203430176,-0.0023887587822020947,0.6276346604215457,1554.0,427.0,1127.0,0.2747747747747748,0.39177206158638,0.1169972868116052,0.3032356046938257,0.25619142838789594
FINAL_POSTHOC_ONLY,EXPLORATORY_POSTHOC,M3T,xgboost_entropy_bucket,Q4,1461,True,0.33744010951403147,0.2708068203930301,2.523056745529175,0.9787826382450507,0.7304109930992126,-0.0014132462686567567,0.5503731343283582,2922.0,1072.0,1850.0,0.3668720054757016,0.363902747631073,-0.002969257844628592,0.3127940083085874,0.23103207054925587
FINAL_POSTHOC_ONLY,EXPLORATORY_POSTHOC,M3T,source,databento,3207,True,0.31774243841596506,0.256399706788153,2.31367826461792,0.984221713284852,0.7248239517211914,-0.0017930688096437916,0.5851330989452537,6414.0,1991.0,4423.0,0.310414717804802,0.3768318295478821,0.06641711174308007,0.2912158477576854,0.22240029366209635
FINAL_POSTHOC_ONLY,EXPLORATORY_POSTHOC,M3T,venue,NASDAQ,3207,True,0.31774243841596506,0.256399706788153,2.31367826461792,0.984221713284852,0.7248239517211914,-0.0017930688096437916,0.5851330989452537,6414.0,1991.0,4423.0,0.310414717804802,0.3768318295478821,0.06641711174308007,0.2912158477576854,0.22240029366209635
FINAL_POSTHOC_ONLY,EXPLORATORY_POSTHOC,M3T,instrument,NVDA,3207,True,0.31774243841596506,0.256399706788153,2.31367826461792,0.984221713284852,0.7248239517211914,-0.0017930688096437916,0.5851330989452537,6414.0,1991.0,4423.0,0.310414717804802,0.3768318295478821,0.06641711174308007,0.2912158477576854,0.22240029366209635
FINAL_POSTHOC_ONLY,EXPLORATORY_POSTHOC,M3T,modality,L1=1/L2=1/L3=1,3207,True,0.31774243841596506,0.256399706788153,2.31367826461792,0.984221713284852,0.7248239517211914,-0.0017930688096437916,0.5851330989452537,6414.0,1991.0,4423.0,0.310414717804802,0.3768318295478821,0.06641711174308007,0.2912158477576854,0.22240029366209635
FINAL_POSTHOC_ONLY,EXPLORATORY_POSTHOC,M3T,reset_generation,1,3207,True,0.31774243841596506,0.256399706788153,2.31367826461792,0.984221713284852,0.7248239517211914,-0.0017930688096437916,0.5851330989452537,6414.0,1991.0,4423.0,0.310414717804802,0.3768318295478821,0.06641711174308007,0.2912158477576854,0.22240029366209635
FINAL_POSTHOC_ONLY,EXPLORATORY_POSTHOC,M3T,clear_proximity,OTHER,3143,True,0.3172128539611836,0.25106326259536754,2.2982821464538574,0.9850066389781084,0.7248908877372742,-0.0018457230142570388,0.5875763747454175,6286.0,1964.0,4322.0,0.3124403436207445,0.3771909773349762,0.06475063371423168,0.2913012201633671,0.22145086723111088
FINAL_POSTHOC_ONLY,EXPLORATORY_POSTHOC,M3T,clear_proximity,WITHIN_64_ROWS_OF_RESET,64,True,0.34375,0.29117063492063494,3.0697569847106934,0.9456745030675884,0.7215396761894226,0.0020370370370383422,0.4074074074074074,128.0,27.0,101.0,0.2109375,0.3591936230659485,0.1482561230659485,0.2870232622724071,0.27430906390890974
FINAL_POSTHOC_ONLY,EXPLORATORY_POSTHOC,M3T,repeated_exchange_timestamp,REPEATED,4,False,0.25,0.2,12.17300033569336,1.6286184233892804,0.8552776575088501,0.0049999999999954525,0.5,8.0,8.0,0.0,1.0,0.10536423325538635,-0.8946357667446136,0.8446378307430875,0.8946357315729201
FINAL_POSTHOC_ONLY,EXPLORATORY_POSTHOC,M3T,repeated_exchange_timestamp,UNIQUE,3203,True,0.31782703715266936,0.2565244073984963,2.301365613937378,0.9834169718423238,0.724661111831665,-0.0018204740292489926,0.5854765506807866,6406.0,1983.0,4423.0,0.30955354355291914,0.3771708309650421,0.06761728741212297,0.2905247182129019,0.2216674455928815
FINAL_POSTHOC_ONLY,EXPLORATORY_POSTHOC,XGBOOST,spread_bucket,Q1,1627,True,0.3718500307314075,0.18801383485805923,1.268627405166626,0.7798143754677049,0.6512799859046936,-0.002262247838620691,0.6157540826128722,3254.0,1041.0,2213.0,0.3199139520590043,0.17042754590511322,-0.14948640615389108,0.2467454085753566,0.15939198646605124
FINAL_POSTHOC_ONLY,EXPLORATORY_POSTHOC,XGBOOST,spread_bucket,Q2,1580,True,0.25506329113924053,0.18054090277675147,1.4390331506729126,0.875331308104566,0.6202889084815979,-0.001278947368417526,0.5515789473684211,3160.0,950.0,2210.0,0.30063291139240506,0.18379877507686615,-0.1168341363155389,0.231799200258742,0.13570519374400566
FINAL_POSTHOC_ONLY,EXPLORATORY_POSTHOC,XGBOOST,top_depth_bucket,Q1,17,False,0.11764705882352941,0.08088235294117647,1.3214058876037598,0.8499532980013179,0.5857081413269043,0.017187499999986144,0.0625,34.0,16.0,18.0,0.47058823529411764,0.31635838747024536,-0.15422984782387228,0.38184668677137995,0.43566568743656664
FINAL_POSTHOC_ONLY,EXPLORATORY_POSTHOC,XGBOOST,top_depth_bucket,Q2,20,False,0.3,0.22222222222222224,1.4378974437713623,0.8915972436300222,0.6227532029151917,0.0056250000000019895,0.375,40.0,16.0,24.0,0.4,0.22631606459617615,-0.17368393540382387,0.3009126442853108,0.24941234015859665
FINAL_POSTHOC_ONLY,EXPLORATORY_POSTHOC,XGBOOST,top_depth_bucket,Q3,17,False,0.4117647058823529,0.39814814814814814,1.141829013824463,0.7287748721859421,0.5850564241409302,0.0,0.5,34.0,8.0,26.0,0.23529411764705882,0.2488255798816681,0.01353146223460927,0.1791271742652507,0.13073981925845146
FINAL_POSTHOC_ONLY,EXPLORATORY_POSTHOC,XGBOOST,top_depth_bucket,Q4,3153,True,0.3149381541389153,0.18716084861896784,1.3533449172973633,0.8268668353711979,0.6366415619850159,-0.00201691440287063,0.5914915427985649,6306.0,1951.0,4355.0,0.30938788455439264,0.1755639761686325,-0.13382390838576014,0.2385482739097966,0.14316041597371634
FINAL_POSTHOC_ONLY,EXPLORATORY_POSTHOC,XGBOOST,top5_depth_bucket,Q2,3,False,0.0,0.0,1.731104850769043,1.0679127685382357,0.6231138706207275,,,6.0,0.0,6.0,0.0,0.16414840519428253,0.16414840519428253,0.03465201489571722,0.1641484055047234
FINAL_POSTHOC_ONLY,EXPLORATORY_POSTHOC,XGBOOST,top5_depth_bucket,Q3,1,False,0.0,0.0,1.2554887533187866,0.8427245685723541,0.5521479845046997,,,2.0,0.0,2.0,0.0,0.143305703997612,0.143305703997612,0.02353771838284091,0.143305703997612
FINAL_POSTHOC_ONLY,EXPLORATORY_POSTHOC,XGBOOST,top5_depth_bucket,Q4,3203,True,0.31470496409615983,0.18884792354397242,1.3522573709487915,0.8266422081851337,0.6360498070716858,-0.0017930688096437916,0.5851330989452537,6406.0,1991.0,4415.0,0.310802372775523,0.17703776061534882,-0.13376461216017416,0.23964096859127307,0.14504984198292226
FINAL_POSTHOC_ONLY,EXPLORATORY_POSTHOC,XGBOOST,depth_slope_bucket,Q2,8,False,0.25,0.13333333333333333,1.7281310558319092,1.0162911582651393,0.7016541957855225,0.0024999999999977263,0.0,16.0,2.0,14.0,0.125,0.19479478895664215,0.06979478895664215,0.11966815241941016,0.16395142779219896
FINAL_POSTHOC_ONLY,EXPLORATORY_POSTHOC,XGBOOST,depth_slope_bucket,Q3,2,False,1.0,1.0,0.27310556173324585,0.09401148393303632,0.7626473903656006,,,4.0,0.0,4.0,0.0,0.11200057715177536,0.11200057715177536,0.01834562532775542,0.11200057854875922
FINAL_POSTHOC_ONLY,EXPLORATORY_POSTHOC,XGBOOST,depth_slope_bucket,Q4,3197,True,0.31404441664060057,0.1885864070229193,1.3523170948028564,0.8268573986415962,0.6357680559158325,-0.001797385620915427,0.5857214680744093,6394.0,1989.0,4405.0,0.31107288082577417,0.1770113706588745,-0.13406151016689966,0.23981966834247948,0.1450811883601866
FINAL_POSTHOC_ONLY,EXPLORATORY_POSTHOC,XGBOOST,imbalance_1_bucket,Q1,615,True,0.28292682926829266,0.1775409255774363,1.293737530708313,0.7995188811300905,0.598125159740448,-0.0022127139364310155,0.5452322738386308,1230.0,409.0,821.0,0.33252032520325203,0.18535661697387695,-0.14716370822937508,0.2571911875372041,0.16214106118200514
FINAL_POSTHOC_ONLY,EXPLORATORY_POSTHOC,XGBOOST,imbalance_1_bucket,Q2,1118,True,0.3363148479427549,0.19666955903950756,1.3629289865493774,0.8176494527417922,0.6417097449302673,-0.0019687500000000304,0.59375,2236.0,640.0,1596.0,0.28622540250447226,0.16051015257835388,-0.12571524992611838,0.22793196418914613,0.14104705514329652
FINAL_POSTHOC_ONLY,EXPLORATORY_POSTHOC,XGBOOST,imbalance_1_bucket,Q3,699,True,0.3261802575107296,0.174182422074604,1.341408610343933,0.8265571017325524,0.6452389359474182,-0.0020795454545453717,0.6204545454545455,1398.0,440.0,958.0,0.3147353361945637,0.16815711557865143,-0.14657822061591225,0.2403434464556815,0.14964092775342588
FINAL_POSTHOC_ONLY,EXPLORATORY_POSTHOC,XGBOOST,imbalance_1_bucket,Q4,775,True,0.2967741935483871,0.190883257457763,1.3944274187088013,0.8621701180900477,0.6495336294174194,-0.0009760956175309177,0.5756972111553785,1550.0,502.0,1048.0,0.32387096774193547,0.20219509303569794,-0.12167587470623753,0.24089926553490376,0.14558761302982606
FINAL_POSTHOC_ONLY,EXPLORATORY_POSTHOC,XGBOOST,signed_volume_bucket,Q1,1662,True,0.32190132370637786,0.20116396469963235,1.2877236604690552,0.7921630043231069,0.61332768201828,-0.0017887725975267292,0.5775451950523312,3324.0,1051.0,2273.0,0.31618531889290014,0.1971731036901474,-0.11901221520275274,0.24059571762052168,0.1428023180324768
FINAL_POSTHOC_ONLY,EXPLORATORY_POSTHOC,XGBOOST,signed_volume_bucket,Q2,13,False,0.3076923076923077,0.2074074074074074,1.3596018552780151,0.8318550731553604,0.5804933309555054,3.157967714489334e-15,0.4444444444444444,26.0,9.0,17.0,0.34615384615384615,0.16781297326087952,-0.17834087289296663,0.2406642607735751,0.178340888223969
FINAL_POSTHOC_ONLY,EXPLORATORY_POSTHOC,XGBOOST,signed_volume_bucket,Q3,88,True,0.022727272727272728,0.08164983164983165,2.255329132080078,1.1851090636965944,0.5755549073219299,0.0006818181818188536,0.5,176.0,22.0,154.0,0.125,0.1232203021645546,-0.001779697835445404,0.101432578393001,0.06025244046891616
FINAL_POSTHOC_ONLY,EXPLORATORY_POSTHOC,XGBOOST,signed_volume_bucket,Q4,1444,True,0.3234072022160665,0.17967573075473417,1.3721526861190796,0.8449465574444922,0.6663041710853577,-0.0018756875687571395,0.5973597359735974,2888.0,909.0,1979.0,0.31475069252077564,0.1571752429008484,-0.15757544961992725,0.2463800077472092,0.1583297083294922
FINAL_POSTHOC_ONLY,EXPLORATORY_POSTHOC,XGBOOST,microprice_minus_mid_bucket,Q1,6,False,0.0,0.0,1.364417552947998,0.8593577115666281,0.5181412696838379,0.020000000000010232,0.0,12.0,2.0,10.0,0.16666666666666666,0.23055054247379303,0.06388387580712637,0.10622263408793649,0.18926731000343958
FINAL_POSTHOC_ONLY,EXPLORATORY_POSTHOC,XGBOOST,microprice_minus_mid_bucket,Q2,1724,True,0.31844547563805103,0.19025804391991744,1.3380731344223022,0.8109966851387231,0.6268578171730042,-0.0020430622009572556,0.5751196172248804,3448.0,1045.0,2403.0,0.3030742459396752,0.16897742450237274,-0.13409682143730245,0.2389227307801122,0.15030681588816652
FINAL_POSTHOC_ONLY,EXPLORATORY_POSTHOC,XGBOOST,microprice_minus_mid_bucket,Q3,1472,True,0.31046195652173914,0.18266784201423117,1.3695640563964844,0.8453807018619127,0.647783100605011,-0.0015940488841662945,0.5982996811902231,2944.0,941.0,2003.0,0.319633152173913,0.18592701852321625,-0.13370613365069678,0.24039603157186756,0.1470613586153258
FINAL_POSTHOC_ONLY,EXPLORATORY_POSTHOC,XGBOOST,microprice_minus_mid_bucket,Q4,5,False,0.4,0.19047619047619047,1.3412349224090576,0.8133262203753071,0.4681081771850586,0.008333333333335228,0.3333333333333333,10.0,3.0,7.0,0.3,0.2605435848236084,-0.03945641517639159,0.25888680353751886,0.3500989779829979
FINAL_POSTHOC_ONLY,EXPLORATORY_POSTHOC,XGBOOST,event_rate_bucket,Q1,38,True,0.4473684210526316,0.20987654320987656,1.3445510864257812,0.797877608058958,0.7091267108917236,-0.002499999999992989,0.6666666666666666,76.0,6.0,70.0,0.07894736842105263,0.17357605695724487,0.09462868853619225,0.09796035796035607,0.0946286967220275
FINAL_POSTHOC_ONLY,EXPLORATORY_POSTHOC,XGBOOST,event_rate_bucket,Q2,847,True,0.4628099173553719,0.21909243591078575,1.1433711051940918,0.6954425385493705,0.6684228777885437,-0.002339449541285231,0.6574923547400612,1694.0,327.0,1367.0,0.19303423848878395,0.16044609248638153,-0.032588146002402424,0.1728331302757778,0.1064533113228177
FINAL_POSTHOC_ONLY,EXPLORATORY_POSTHOC,XGBOOST,event_rate_bucket,Q3,372,True,0.34139784946236557,0.17001338688085676,1.3619472980499268,0.8421032975765226,0.6815803050994873,-0.002944444444445556,0.6888888888888889,744.0,180.0,564.0,0.24193548387096775,0.16227394342422485,-0.0796615404467429,0.20442468186014573,0.1302744623233554
FINAL_POSTHOC_ONLY,EXPLORATORY_POSTHOC,XGBOOST,event_rate_bucket,Q4,1950,True,0.24205128205128204,0.1667191712432254,1.441823959350586,0.8816204357616138,0.6118155121803284,-0.0015290933694183763,0.5561569688768606,3900.0,1478.0,2422.0,0.378974358974359,0.18709132075309753,-0.19188303822126146,0.27771250233993133,0.19425263875379015
FINAL_POSTHOC_ONLY,EXPLORATORY_POSTHOC,XGBOOST,realized_vol_50_bucket,Q1,57,True,0.07017543859649122,0.14500941619585686,2.4477760791778564,1.2229680755678716,0.5775155425071716,0.0049999999999954525,0.0,114.0,6.0,108.0,0.05263157894736842,0.12843124568462372,0.0757996667372553,0.06452544628346334,0.07579965783250436
FINAL_POSTHOC_ONLY,EXPLORATORY_POSTHOC,XGBOOST,realized_vol_50_bucket,Q3,2964,True,0.3248987854251012,0.18160338244394655,1.3266242742538452,0.8170068665110133,0.6418554186820984,-0.0021676454885213334,0.601174586225307,5928.0,1873.0,4055.0,0.3159581646423752,0.17504142224788666,-0.14091674239448854,0.24371203425135843,0.1494551667153041
FINAL_POSTHOC_ONLY,EXPLORATORY_POSTHOC,XGBOOST,realized_vol_50_bucket,Q4,186,True,0.22043010752688172,0.20878552971576228,1.430599570274353,0.8627092636836483,0.5608125329017639,0.004107142857140137,0.3482142857142857,372.0,112.0,260.0,0.3010752688172043,0.22335705161094666,-0.07771821720625766,0.22396288280502066,0.12204735657520673
FINAL_POSTHOC_ONLY,EXPLORATORY_POSTHOC,XGBOOST,queue_ahead_bucket,Q1,63,True,0.23809523809523808,0.17526006331976482,1.357723355293274,0.8442620678926817,0.5896376967430115,0.007142857142852966,0.3469387755102041,126.0,49.0,77.0,0.3888888888888889,0.2505538761615753,-0.13833501272731358,0.2973254773480124,0.22881793903393877
FINAL_POSTHOC_ONLY,EXPLORATORY_POSTHOC,XGBOOST,queue_ahead_bucket,Q2,10,False,0.3,0.31851851851851853,1.463883638381958,0.9206174279586197,0.57990562915802,0.0014999999999986357,0.6,20.0,10.0,10.0,0.5,0.24182021617889404,-0.25817978382110596,0.31992660059372724,0.30080941002815964
FINAL_POSTHOC_ONLY,EXPLORATORY_POSTHOC,XGBOOST,queue_ahead_bucket,Q3,26,False,0.2692307692307692,0.25335775335775335,1.3298319578170776,0.847314803044413,0.5663096308708191,-0.004411764705881684,0.5294117647058824,52.0,17.0,35.0,0.3269230769230769,0.24275138974189758,-0.08417168718117934,0.2244797789310962,0.1358579359948635
FINAL_POSTHOC_ONLY,EXPLORATORY_POSTHOC,XGBOOST,queue_ahead_bucket,Q4,3108,True,0.3162805662805663,0.18579405375468985,1.3523095846176147,0.8260478076754152,0.6377151608467102,-0.0020156657963449516,0.591644908616188,6216.0,1915.0,4301.0,0.30807593307593306,0.17476612329483032,-0.13330980978110274,0.23807280271230602,0.14329921714200408
FINAL_POSTHOC_ONLY,EXPLORATORY_POSTHOC,XGBOOST,session_position_bucket,Q1,2851,True,0.3237460540161347,0.19411143788653829,1.323410987854004,0.8151457914749882,0.6383063197135925,-0.0018976423231746042,0.5894192064404831,5702.0,1739.0,3963.0,0.30498070852332515,0.1785125732421875,-0.12646813528113765,0.23610514296655444,0.14130424650438897
FINAL_POSTHOC_ONLY,EXPLORATORY_POSTHOC,XGBOOST,session_position_bucket,Q2,59,True,0.288135593220339,0.14912280701754385,1.3905705213546753,0.8705506996682486,0.6754052639007568,-0.003928571428572593,0.7619047619047619,118.0,42.0,76.0,0.3559322033898305,0.15822620689868927,-0.19770599649114123,0.28597092376817784,0.23071017495151291
FINAL_POSTHOC_ONLY,EXPLORATORY_POSTHOC,XGBOOST,session_position_bucket,Q3,108,True,0.3333333333333333,0.16666666666666666,1.303686261177063,0.7978192226116272,0.6312310099601746,-0.0005701754385967206,0.5,216.0,114.0,102.0,0.5277777777777778,0.1824837028980255,-0.3452940748797523,0.3787778110047163,0.3452940764060865
FINAL_POSTHOC_ONLY,EXPLORATORY_POSTHOC,XGBOOST,session_position_bucket,Q4,189,True,0.1693121693121693,0.11702308558678742,1.8086912631988525,1.0067398776375498,0.5918304324150085,-0.00041666666666747193,0.53125,378.0,96.0,282.0,0.25396825396825395,0.15716800093650818,-0.09680025303174578,0.19461092842560399,0.10585685113257673
FINAL_POSTHOC_ONLY,EXPLORATORY_POSTHOC,XGBOOST,m3t_confidence_bucket,Q1,225,True,0.18666666666666668,0.14644287621590693,1.4599322080612183,0.9010403519635338,0.5898149013519287,-0.0011016949152541987,0.4915254237288136,450.0,177.0,273.0,0.3933333333333333,0.20581509172916412,-0.1875182416041692,0.2744040173013297,0.19059726032118002
FINAL_POSTHOC_ONLY,EXPLORATORY_POSTHOC,XGBOOST,m3t_confidence_bucket,Q2,331,True,0.2628398791540785,0.1723052176362255,1.4192472696304321,0.8765256181243045,0.6353702545166016,-0.0016599190283401821,0.5870445344129555,662.0,247.0,415.0,0.3731117824773414,0.1808323711156845,-0.19227941136165688,0.2780371191393373,0.19878271775562148
FINAL_POSTHOC_ONLY,EXPLORATORY_POSTHOC,XGBOOST,m3t_confidence_bucket,Q3,1042,True,0.2965451055662188,0.17014163536219615,1.4073880910873413,0.8635732797641699,0.6558887362480164,-0.0016666666666669038,0.5873715124816447,2084.0,681.0,1403.0,0.32677543186180424,0.16901402175426483,-0.1577614101075394,0.25100654188669336,0.15947139401242652
FINAL_POSTHOC_ONLY,EXPLORATORY_POSTHOC,XGBOOST,m3t_confidence_bucket,Q4,1609,True,0.35425730267246736,0.20729503587338668,1.2883625030517578,0.7825196018557896,0.6297309398651123,-0.0020654627539510263,0.6015801354401806,3218.0,886.0,2332.0,0.2753262896208825,0.17738419771194458,-0.09794209190893793,0.2190040454860555,0.12728913892650914
FINAL_POSTHOC_ONLY,EXPLORATORY_POSTHOC,XGBOOST,m3t_entropy_bucket,Q1,1949,True,0.3617239610056439,0.20600196750055097,1.2869720458984375,0.7825839766162536,0.6367651224136353,-0.0018773062730633042,0.6014760147601476,3898.0,1084.0,2814.0,0.27809132888660854,0.17314662039279938,-0.10494470849380916,0.2217823331412716,0.13053074325284345
FINAL_POSTHOC_ONLY,EXPLORATORY_POSTHOC,XGBOOST,m3t_entropy_bucket,Q2,839,True,0.24791418355184744,0.14928152384304139,1.4693259000778198,0.905985867185491,0.6519468426704407,-0.0018094405594409012,0.5926573426573427,1678.0,572.0,1106.0,0.34088200238379024,0.17460618913173676,-0.16627581325205348,0.25897984160677034,0.1685812129029678
FINAL_POSTHOC_ONLY,EXPLORATORY_POSTHOC,XGBOOST,m3t_entropy_bucket,Q3,154,True,0.2987012987012987,0.2179711276290036,1.3426319360733032,0.8102005003504714,0.6119236946105957,-0.0007142857142859669,0.5158730158730159,308.0,126.0,182.0,0.4090909090909091,0.19399449229240417,-0.21509641679850494,0.29093330896175446,0.21936571228547724
FINAL_POSTHOC_ONLY,EXPLORATORY_POSTHOC,XGBOOST,m3t_entropy_bucket,Q4,265,True,0.18490566037735848,0.14276569328181182,1.471285343170166,0.9118198703528024,0.5940157771110535,-0.0019617224880379893,0.5215311004784688,530.0,209.0,321.0,0.39433962264150946,0.2032269984483719,-0.19111262419313757,0.2768148384165615,0.19639648257420872
FINAL_POSTHOC_ONLY,EXPLORATORY_POSTHOC,XGBOOST,xgboost_confidence_bucket,Q1,688,True,0.26598837209302323,0.21862276239503695,1.2297312021255493,0.7469898165724103,0.488192617893219,-0.0018008048289740923,0.5633802816901409,1376.0,497.0,879.0,0.36119186046511625,0.1948613077402115,-0.16633055272490477,0.26162258131352567,0.17197799385352014
FINAL_POSTHOC_ONLY,EXPLORATORY_POSTHOC,XGBOOST,xgboost_confidence_bucket,Q2,926,True,0.24838012958963282,0.14278506388180595,1.4054220914840698,0.854722707591678,0.599076509475708,-0.0010221870047543743,0.5419968304278923,1852.0,631.0,1221.0,0.34071274298056153,0.1711631715297699,-0.16954957145079164,0.2541208431118843,0.17383692339646026
FINAL_POSTHOC_ONLY,EXPLORATORY_POSTHOC,XGBOOST,xgboost_confidence_bucket,Q3,1053,True,0.34377967711301044,0.17463427377220478,1.3820064067840576,0.8525894418962143,0.6933814287185669,-0.0024571917808228465,0.6318493150684932,2106.0,584.0,1522.0,0.27730294396961064,0.1692933738231659,-0.10800957014644474,0.2242461238226185,0.13425429554431498
FINAL_POSTHOC_ONLY,EXPLORATORY_POSTHOC,XGBOOST,xgboost_confidence_bucket,Q4,540,True,0.43148148148148147,0.20094868477792152,1.3611119985580444,0.8307454673013789,0.7758092284202576,-0.0021326164874556006,0.6236559139784946,1080.0,279.0,801.0,0.25833333333333336,0.17937052249908447,-0.07896281083424889,0.2152853909451664,0.12966308066345475
FINAL_POSTHOC_ONLY,EXPLORATORY_POSTHOC,XGBOOST,xgboost_entropy_bucket,Q1,364,True,0.40934065934065933,0.193632228719948,1.4276877641677856,0.8710942210734871,0.7877581119537354,-0.0021236559139785494,0.6075268817204301,728.0,186.0,542.0,0.2554945054945055,0.18255755305290222,-0.07293695244160325,0.21409037134328085,0.13077043857077483
FINAL_POSTHOC_ONLY,EXPLORATORY_POSTHOC,XGBOOST,xgboost_entropy_bucket,Q2,605,True,0.4033057851239669,0.1955054259591558,1.3256313800811768,0.8145210295653615,0.7292909026145935,-0.0020915032679752975,0.6339869281045751,1210.0,306.0,904.0,0.2528925619834711,0.17281289398670197,-0.08007966799676913,0.21050341723872049,0.12857956808091195
FINAL_POSTHOC_ONLY,EXPLORATORY_POSTHOC,XGBOOST,xgboost_entropy_bucket,Q3,777,True,0.2857142857142857,0.15373904847589057,1.4880238771438599,0.8938097281842668,0.6599658131599426,-0.0023887587822020947,0.6276346604215457,1554.0,427.0,1127.0,0.2747747747747748,0.1678057312965393,-0.10696904347823549,0.2187265833235545,0.12066113957571901
FINAL_POSTHOC_ONLY,EXPLORATORY_POSTHOC,XGBOOST,xgboost_entropy_bucket,Q4,1461,True,0.26899383983572894,0.18933099923812,1.2729973793029785,0.7853715109748132,0.5468382239341736,-0.0014132462686567567,0.5503731343283582,2922.0,1072.0,1850.0,0.3668720054757016,0.18227232992649078,-0.1845996755492108,0.2686266244491004,0.18667410165874682
FINAL_POSTHOC_ONLY,EXPLORATORY_POSTHOC,XGBOOST,source,databento,3207,True,0.31431244153414406,0.18862144671722922,1.35258150100708,0.8268729203901375,0.63601154088974,-0.0017930688096437916,0.5851330989452537,6414.0,1991.0,4423.0,0.310414717804802,0.17701520025730133,-0.13339951754750068,0.23938182605578973,0.14467068691948493
FINAL_POSTHOC_ONLY,EXPLORATORY_POSTHOC,XGBOOST,venue,NASDAQ,3207,True,0.31431244153414406,0.18862144671722922,1.35258150100708,0.8268729203901375,0.63601154088974,-0.0017930688096437916,0.5851330989452537,6414.0,1991.0,4423.0,0.310414717804802,0.17701520025730133,-0.13339951754750068,0.23938182605578973,0.14467068691948493
FINAL_POSTHOC_ONLY,EXPLORATORY_POSTHOC,XGBOOST,instrument,NVDA,3207,True,0.31431244153414406,0.18862144671722922,1.35258150100708,0.8268729203901375,0.63601154088974,-0.0017930688096437916,0.5851330989452537,6414.0,1991.0,4423.0,0.310414717804802,0.17701520025730133,-0.13339951754750068,0.23938182605578973,0.14467068691948493
FINAL_POSTHOC_ONLY,EXPLORATORY_POSTHOC,XGBOOST,modality,L1=1/L2=1/L3=1,3207,True,0.31431244153414406,0.18862144671722922,1.35258150100708,0.8268729203901375,0.63601154088974,-0.0017930688096437916,0.5851330989452537,6414.0,1991.0,4423.0,0.310414717804802,0.17701520025730133,-0.13339951754750068,0.23938182605578973,0.14467068691948493
FINAL_POSTHOC_ONLY,EXPLORATORY_POSTHOC,XGBOOST,reset_generation,1,3207,True,0.31431244153414406,0.18862144671722922,1.35258150100708,0.8268729203901375,0.63601154088974,-0.0017930688096437916,0.5851330989452537,6414.0,1991.0,4423.0,0.310414717804802,0.17701520025730133,-0.13339951754750068,0.23938182605578973,0.14467068691948493
FINAL_POSTHOC_ONLY,EXPLORATORY_POSTHOC,XGBOOST,clear_proximity,OTHER,3143,True,0.3149856824689787,0.18555775979711073,1.3513755798339844,0.826674003809554,0.636883020401001,-0.0018457230142570388,0.5875763747454175,6286.0,1964.0,4322.0,0.3124403436207445,0.17626479268074036,-0.13617555094000416,0.24107459422389607,0.14724992534321724
FINAL_POSTHOC_ONLY,EXPLORATORY_POSTHOC,XGBOOST,clear_proximity,WITHIN_64_ROWS_OF_RESET,64,True,0.28125,0.25334522747546834,1.4118086099624634,0.836641589339719,0.5932148694992065,0.0020370370370383422,0.4074074074074074,128.0,27.0,101.0,0.2109375,0.21386680006980896,0.00292930006980896,0.15625103930019288,0.07024499577528333
FINAL_POSTHOC_ONLY,EXPLORATORY_POSTHOC,XGBOOST,repeated_exchange_timestamp,REPEATED,4,False,0.0,0.0,1.5012767314910889,0.9458073424961952,0.5312289595603943,0.0049999999999954525,0.5,8.0,8.0,0.0,1.0,0.1880614459514618,-0.8119385540485382,0.6705917588614085,0.8119385540485382
FINAL_POSTHOC_ONLY,EXPLORATORY_POSTHOC,XGBOOST,repeated_exchange_timestamp,UNIQUE,3203,True,0.31470496409615983,0.18886470900946503,1.35239577293396,0.8267243916082379,0.6361424326896667,-0.0018204740292489926,0.5854765506807866,6406.0,1983.0,4423.0,0.30955354355291914,0.17700138688087463,-0.1325521566720445,0.2388433184906251,0.14404490718788426
