partition,model,side,development_edge_bucket,support,predicted_edge_mean_ticks,realized_edge_mean_ticks,signed_bias_ticks,mae_ticks,spearman_rank,interpretation
DEVELOPMENT,M3T,ask,Q5,7,-0.11112353200714262,0.0,-0.11112353200714262,0.11112353200714262,,ECONOMIC_CALIBRATION_DIAGNOSTIC_ONLY
DEVELOPMENT,M3T,ask,Q6,55,-0.039709653877557274,0.0,-0.039709653877557274,0.039709653877557274,,ECONOMIC_CALIBRATION_DIAGNOSTIC_ONLY
DEVELOPMENT,M3T,ask,Q7,66,0.004119809396858682,-0.08181818181818182,0.0859379912150405,0.09717882073909867,-0.12497085907408823,ECONOMIC_CALIBRATION_DIAGNOSTIC_ONLY
DEVELOPMENT,M3T,ask,Q8,115,0.03132543840368353,-0.0626086956521739,0.09393413405585745,0.09707012814035365,0.056181105173828946,ECONOMIC_CALIBRATION_DIAGNOSTIC_ONLY
DEVELOPMENT,M3T,bid,Q4,1,-0.2331773217274119,0.0,-0.2331773217274119,0.2331773217274119,,ECONOMIC_CALIBRATION_DIAGNOSTIC_ONLY
DEVELOPMENT,M3T,bid,Q5,13,-0.1424201429637257,0.0,-0.1424201429637257,0.1424201429637257,,ECONOMIC_CALIBRATION_DIAGNOSTIC_ONLY
DEVELOPMENT,M3T,bid,Q6,30,-0.04280540072668341,0.0,-0.04280540072668341,0.04280540072668341,,ECONOMIC_CALIBRATION_DIAGNOSTIC_ONLY
DEVELOPMENT,M3T,bid,Q7,13,0.000999150100555518,-0.061538461538461535,0.06253761163901705,0.08950429291513966,0.24359938288234503,ECONOMIC_CALIBRATION_DIAGNOSTIC_ONLY
DEVELOPMENT,M3T,bid,Q8,170,0.03827504240403913,-0.034999999999999996,0.07327504240403912,0.0752345715723039,0.12217366905294424,ECONOMIC_CALIBRATION_DIAGNOSTIC_ONLY
DEVELOPMENT,M3T,bid,Q9,16,0.07674355345978716,-0.11562499999999999,0.19236855345978715,0.19236855345978715,0.1793363635160988,ECONOMIC_CALIBRATION_DIAGNOSTIC_ONLY
DEVELOPMENT,XGBOOST,ask,Q1,10,-0.25593207721090416,0.0,-0.25593207721090416,0.25593207721090416,,ECONOMIC_CALIBRATION_DIAGNOSTIC_ONLY
DEVELOPMENT,XGBOOST,ask,Q10,194,0.08226837917985666,-0.11237113402061855,0.19463951320047523,0.19647265450638005,-0.0015844826478267238,ECONOMIC_CALIBRATION_DIAGNOSTIC_ONLY
DEVELOPMENT,XGBOOST,ask,Q2,1,-0.1458106163010612,0.0,-0.1458106163010612,0.1458106163010612,,ECONOMIC_CALIBRATION_DIAGNOSTIC_ONLY
DEVELOPMENT,XGBOOST,ask,Q3,3,-0.11727272994599562,0.0,-0.11727272994599562,0.11727272994599562,,ECONOMIC_CALIBRATION_DIAGNOSTIC_ONLY
DEVELOPMENT,XGBOOST,ask,Q4,1,-0.09133258724673327,0.0,-0.09133258724673327,0.09133258724673327,,ECONOMIC_CALIBRATION_DIAGNOSTIC_ONLY
DEVELOPMENT,XGBOOST,ask,Q5,7,-0.05720725919892693,0.0,-0.05720725919892693,0.05720725919892693,,ECONOMIC_CALIBRATION_DIAGNOSTIC_ONLY
DEVELOPMENT,XGBOOST,ask,Q6,6,-0.044579547307493445,0.0,-0.044579547307493445,0.044579547307493445,,ECONOMIC_CALIBRATION_DIAGNOSTIC_ONLY
DEVELOPMENT,XGBOOST,ask,Q7,5,-0.021089255330965107,0.0,-0.021089255330965107,0.021089255330965107,,ECONOMIC_CALIBRATION_DIAGNOSTIC_ONLY
DEVELOPMENT,XGBOOST,ask,Q8,6,-0.012189084564871368,0.0,-0.012189084564871368,0.012189084564871368,,ECONOMIC_CALIBRATION_DIAGNOSTIC_ONLY
DEVELOPMENT,XGBOOST,ask,Q9,10,-0.00021954092334232244,-0.07999999999999999,0.07978045907665768,0.11219106031722667,0.12483755678647183,ECONOMIC_CALIBRATION_DIAGNOSTIC_ONLY
DEVELOPMENT,XGBOOST,bid,Q1,42,-0.33415923037425443,0.0,-0.33415923037425443,0.33415923037425443,,ECONOMIC_CALIBRATION_DIAGNOSTIC_ONLY
DEVELOPMENT,XGBOOST,bid,Q10,58,0.03556581654413289,-0.024137931034482755,0.05970374757861565,0.06483686793717709,0.09957327337431841,ECONOMIC_CALIBRATION_DIAGNOSTIC_ONLY
DEVELOPMENT,XGBOOST,bid,Q2,9,-0.15050825461978623,0.0,-0.15050825461978623,0.15050825461978623,,ECONOMIC_CALIBRATION_DIAGNOSTIC_ONLY
DEVELOPMENT,XGBOOST,bid,Q3,11,-0.11596367621504543,0.0,-0.11596367621504543,0.11596367621504543,,ECONOMIC_CALIBRATION_DIAGNOSTIC_ONLY
DEVELOPMENT,XGBOOST,bid,Q4,10,-0.08611845249120495,0.0,-0.08611845249120495,0.08611845249120495,,ECONOMIC_CALIBRATION_DIAGNOSTIC_ONLY
DEVELOPMENT,XGBOOST,bid,Q5,10,-0.06041452369567909,0.0,-0.06041452369567909,0.06041452369567909,,ECONOMIC_CALIBRATION_DIAGNOSTIC_ONLY
DEVELOPMENT,XGBOOST,bid,Q6,20,-0.04223818169090819,0.0,-0.04223818169090819,0.04223818169090819,,ECONOMIC_CALIBRATION_DIAGNOSTIC_ONLY
DEVELOPMENT,XGBOOST,bid,Q7,22,-0.023571394264811717,0.0,-0.023571394264811717,0.023571394264811717,,ECONOMIC_CALIBRATION_DIAGNOSTIC_ONLY
DEVELOPMENT,XGBOOST,bid,Q8,23,-0.011738787513339611,0.0,-0.011738787513339611,0.011738787513339611,,ECONOMIC_CALIBRATION_DIAGNOSTIC_ONLY
DEVELOPMENT,XGBOOST,bid,Q9,38,0.00020145606950944055,-0.023684210526315787,0.02388566659582523,0.029999621406961448,0.11506502773815187,ECONOMIC_CALIBRATION_DIAGNOSTIC_ONLY
FINAL_POSTHOC_ONLY,M3T,ask,Q1,450,-2.7311768838293653,0.0,-2.7311768838293653,2.7311768838293653,,ECONOMIC_CALIBRATION_DIAGNOSTIC_ONLY
FINAL_POSTHOC_ONLY,M3T,ask,Q10,18,0.8963405309487508,0.5166666666667424,0.37967386428200833,1.3509173919509765,-0.340733137818191,ECONOMIC_CALIBRATION_DIAGNOSTIC_ONLY
FINAL_POSTHOC_ONLY,M3T,ask,Q2,490,-0.8640322326506898,0.0,-0.8640322326506898,0.8640322326506898,,ECONOMIC_CALIBRATION_DIAGNOSTIC_ONLY
FINAL_POSTHOC_ONLY,M3T,ask,Q3,530,-0.5054766329244985,0.0,-0.5054766329244985,0.5054766329244985,,ECONOMIC_CALIBRATION_DIAGNOSTIC_ONLY
FINAL_POSTHOC_ONLY,M3T,ask,Q4,508,-0.3070263759898732,0.0,-0.3070263759898732,0.3070263759898732,,ECONOMIC_CALIBRATION_DIAGNOSTIC_ONLY
FINAL_POSTHOC_ONLY,M3T,ask,Q5,445,-0.1623385828378771,0.0,-0.1623385828378771,0.1623385828378771,,ECONOMIC_CALIBRATION_DIAGNOSTIC_ONLY
FINAL_POSTHOC_ONLY,M3T,ask,Q6,408,-0.05017988034008983,0.0,-0.05017988034008983,0.05017988034008983,,ECONOMIC_CALIBRATION_DIAGNOSTIC_ONLY
FINAL_POSTHOC_ONLY,M3T,ask,Q7,314,0.00043195492580331527,-0.13821656050967399,0.1386485154354773,0.3014649607879883,-0.12842104502934,ECONOMIC_CALIBRATION_DIAGNOSTIC_ONLY
FINAL_POSTHOC_ONLY,M3T,ask,Q8,32,0.029137116385513997,-0.06874999999998578,0.09788711638549978,0.09788711638549978,0.2891073379281533,ECONOMIC_CALIBRATION_DIAGNOSTIC_ONLY
FINAL_POSTHOC_ONLY,M3T,ask,Q9,12,0.12666606193125984,0.07916666666663823,0.04749939526462162,0.7989014753260361,0.37633689014295013,ECONOMIC_CALIBRATION_DIAGNOSTIC_ONLY
FINAL_POSTHOC_ONLY,M3T,bid,Q1,240,-4.923713771139718,0.0,-4.923713771139718,4.923713771139718,,ECONOMIC_CALIBRATION_DIAGNOSTIC_ONLY
FINAL_POSTHOC_ONLY,M3T,bid,Q10,672,0.6390049735417117,-0.3049107142857405,0.9439156878274522,0.963174525919612,0.0850507340407665,ECONOMIC_CALIBRATION_DIAGNOSTIC_ONLY
FINAL_POSTHOC_ONLY,M3T,bid,Q2,200,-0.8916205441561637,0.0,-0.8916205441561637,0.8916205441561637,,ECONOMIC_CALIBRATION_DIAGNOSTIC_ONLY
FINAL_POSTHOC_ONLY,M3T,bid,Q3,160,-0.5033112174994031,0.0,-0.5033112174994031,0.5033112174994031,,ECONOMIC_CALIBRATION_DIAGNOSTIC_ONLY
FINAL_POSTHOC_ONLY,M3T,bid,Q4,181,-0.3063377241519551,0.0,-0.3063377241519551,0.3063377241519551,,ECONOMIC_CALIBRATION_DIAGNOSTIC_ONLY
FINAL_POSTHOC_ONLY,M3T,bid,Q5,225,-0.16230534350163447,0.0,-0.16230534350163447,0.16230534350163447,,ECONOMIC_CALIBRATION_DIAGNOSTIC_ONLY
FINAL_POSTHOC_ONLY,M3T,bid,Q6,197,-0.049904966722165794,0.0,-0.049904966722165794,0.049904966722165794,,ECONOMIC_CALIBRATION_DIAGNOSTIC_ONLY
FINAL_POSTHOC_ONLY,M3T,bid,Q7,297,0.004664754341374565,-0.26632996632989053,0.27099472067126507,0.3255964353169935,-0.05801587128018943,ECONOMIC_CALIBRATION_DIAGNOSTIC_ONLY
FINAL_POSTHOC_ONLY,M3T,bid,Q8,373,0.0374062140250299,-0.34450402144769465,0.3819102354727245,0.4369202631603256,-0.022043529064212822,ECONOMIC_CALIBRATION_DIAGNOSTIC_ONLY
FINAL_POSTHOC_ONLY,M3T,bid,Q9,662,0.12283871580355533,-0.3109516616314019,0.43379037743495724,0.4946092642613599,0.02400430657673732,ECONOMIC_CALIBRATION_DIAGNOSTIC_ONLY
FINAL_POSTHOC_ONLY,XGBOOST,ask,Q1,583,-0.2303806873566141,0.0,-0.2303806873566141,0.2303806873566141,,ECONOMIC_CALIBRATION_DIAGNOSTIC_ONLY
FINAL_POSTHOC_ONLY,XGBOOST,ask,Q10,173,0.04131313008800683,-0.11156069364162113,0.15287382372962796,0.28582756541890836,0.06793632467582836,ECONOMIC_CALIBRATION_DIAGNOSTIC_ONLY
FINAL_POSTHOC_ONLY,XGBOOST,ask,Q2,604,-0.1535231320682833,0.0,-0.1535231320682833,0.1535231320682833,,ECONOMIC_CALIBRATION_DIAGNOSTIC_ONLY
FINAL_POSTHOC_ONLY,XGBOOST,ask,Q3,555,-0.11578350011735555,0.0,-0.11578350011735555,0.11578350011735555,,ECONOMIC_CALIBRATION_DIAGNOSTIC_ONLY
FINAL_POSTHOC_ONLY,XGBOOST,ask,Q4,488,-0.08594816861704699,0.0,-0.08594816861704699,0.08594816861704699,,ECONOMIC_CALIBRATION_DIAGNOSTIC_ONLY
FINAL_POSTHOC_ONLY,XGBOOST,ask,Q5,344,-0.06094073767977766,0.0,-0.06094073767977766,0.06094073767977766,,ECONOMIC_CALIBRATION_DIAGNOSTIC_ONLY
FINAL_POSTHOC_ONLY,XGBOOST,ask,Q6,222,-0.0405689581092497,0.0,-0.0405689581092497,0.0405689581092497,,ECONOMIC_CALIBRATION_DIAGNOSTIC_ONLY
FINAL_POSTHOC_ONLY,XGBOOST,ask,Q7,105,-0.025355830253265096,0.0,-0.025355830253265096,0.025355830253265096,,ECONOMIC_CALIBRATION_DIAGNOSTIC_ONLY
FINAL_POSTHOC_ONLY,XGBOOST,ask,Q8,72,-0.012344944655057016,0.0,-0.012344944655057016,0.012344944655057016,,ECONOMIC_CALIBRATION_DIAGNOSTIC_ONLY
FINAL_POSTHOC_ONLY,XGBOOST,ask,Q9,92,8.059573812353133e-05,-0.16358695652179225,0.16366755225991578,0.24714427841996986,-0.22584020470373714,ECONOMIC_CALIBRATION_DIAGNOSTIC_ONLY
FINAL_POSTHOC_ONLY,XGBOOST,bid,Q1,62,-0.2552273523989141,0.0,-0.2552273523989141,0.2552273523989141,,ECONOMIC_CALIBRATION_DIAGNOSTIC_ONLY
FINAL_POSTHOC_ONLY,XGBOOST,bid,Q10,272,0.025456410909056332,-0.33069852941186795,0.35615494032092426,0.44178578543605773,0.045326380519695446,ECONOMIC_CALIBRATION_DIAGNOSTIC_ONLY
FINAL_POSTHOC_ONLY,XGBOOST,bid,Q2,82,-0.14566179099605986,0.0,-0.14566179099605986,0.14566179099605986,,ECONOMIC_CALIBRATION_DIAGNOSTIC_ONLY
FINAL_POSTHOC_ONLY,XGBOOST,bid,Q3,127,-0.11493237407010369,0.0,-0.11493237407010369,0.11493237407010369,,ECONOMIC_CALIBRATION_DIAGNOSTIC_ONLY
FINAL_POSTHOC_ONLY,XGBOOST,bid,Q4,197,-0.08296452871832022,0.0,-0.08296452871832022,0.08296452871832022,,ECONOMIC_CALIBRATION_DIAGNOSTIC_ONLY
FINAL_POSTHOC_ONLY,XGBOOST,bid,Q5,335,-0.05929972929261321,0.0,-0.05929972929261321,0.05929972929261321,,ECONOMIC_CALIBRATION_DIAGNOSTIC_ONLY
FINAL_POSTHOC_ONLY,XGBOOST,bid,Q6,448,-0.03946788870988586,0.0,-0.03946788870988586,0.03946788870988586,,ECONOMIC_CALIBRATION_DIAGNOSTIC_ONLY
FINAL_POSTHOC_ONLY,XGBOOST,bid,Q7,564,-0.023866586616642267,0.0,-0.023866586616642267,0.023866586616642267,,ECONOMIC_CALIBRATION_DIAGNOSTIC_ONLY
FINAL_POSTHOC_ONLY,XGBOOST,bid,Q8,595,-0.012131062331536675,0.0,-0.012131062331536675,0.012131062331536675,,ECONOMIC_CALIBRATION_DIAGNOSTIC_ONLY
FINAL_POSTHOC_ONLY,XGBOOST,bid,Q9,556,-0.0013670009402225473,-0.11654676258990782,0.11517976164968527,0.12973867446874654,-0.31918867393368106,ECONOMIC_CALIBRATION_DIAGNOSTIC_ONLY
