partition,model,side,condition,development_bucket,support,instruments,l3_valid_only,positive,negative,simulated_l3_fill_rate,predicted_fill_probability,calibration_residual,mean_brier_contribution,time_to_fill_support,time_to_fill_q25_ns,median_time_to_fill_ns,time_to_fill_q75_ns
DEVELOPMENT,M3T,bid,bid_queue_ahead_at_entry,Q1,62,ES,True,38,24,0.6129032258064516,0.5255213379859924,-0.08738187604373501,0.23645936537069162,38,8477701.0,201807272.0,487211967.5
DEVELOPMENT,M3T,bid,bid_queue_ahead_at_entry,Q2,60,ES,True,12,48,0.2,0.26285186409950256,0.06285186074674129,0.16256148961535108,12,241100562.5,376099120.0,455516973.5
DEVELOPMENT,M3T,bid,bid_queue_ahead_at_entry,Q3,62,ES,True,3,59,0.04838709677419355,0.17344985902309418,0.12506274963098188,0.07733586119442569,3,290101701.0,572497144.0,710427598.0
DEVELOPMENT,M3T,bid,bid_queue_ahead_at_entry,Q4,59,ES,True,5,54,0.0847457627118644,0.12744954228401184,0.042703787843554705,0.09014999461954916,5,188394500.0,514683804.0,579839458.0
DEVELOPMENT,M3T,bid,queue_ahead_ratio_at_price,Q1,61,ES,True,33,28,0.5409836065573771,0.43892091512680054,-0.10206266651388074,0.2221484424686548,33,7466846.0,122648996.0,456683120.0
DEVELOPMENT,M3T,bid,queue_ahead_ratio_at_price,Q2,110,ES,True,12,98,0.10909090909090909,0.2047618329524994,0.09567092629996213,0.11163501504861857,12,234116067.5,359145470.0,455516973.5
DEVELOPMENT,M3T,bid,queue_ahead_ratio_at_price,Q3,11,ES,True,2,9,0.18181818181818182,0.16338413953781128,-0.018434031104499645,0.18585337583156358,2,529137139.0,543590474.0,558043809.0
DEVELOPMENT,M3T,bid,queue_ahead_ratio_at_price,Q4,61,ES,True,11,50,0.18032786885245902,0.2546171247959137,0.07428925240137538,0.10905818567915668,11,234778635.0,428936064.0,789265272.0
DEVELOPMENT,M3T,bid,queue_ahead_ratio_top5,Q1,61,ES,True,36,25,0.5901639344262295,0.5226420164108276,-0.06752190897699262,0.2371863309799072,36,6471082.0,195921176.0,435872828.0
DEVELOPMENT,M3T,bid,queue_ahead_ratio_top5,Q2,61,ES,True,12,49,0.19672131147540983,0.2633309066295624,0.06660956168761019,0.1477852015485943,12,264013936.0,379760127.0,563901202.0
DEVELOPMENT,M3T,bid,queue_ahead_ratio_top5,Q3,60,ES,True,4,56,0.06666666666666667,0.1772840917110443,0.11061743274331093,0.07982341903042828,4,136648992.5,315616291.0,467372959.5
DEVELOPMENT,M3T,bid,queue_ahead_ratio_top5,Q4,61,ES,True,6,55,0.09836065573770492,0.13189272582530975,0.0335320739350358,0.10254384394176153,6,284420161.0,576168301.0,593762264.5
DEVELOPMENT,M3T,bid,spread,Q1,243,ES,True,58,185,0.23868312757201646,0.27418455481529236,0.035501437407339555,0.1420898893272088,58,35578551.5,279413542.0,510359915.5
DEVELOPMENT,M3T,bid,realized_vol_50,Q1,61,ES,True,11,50,0.18032786885245902,0.24561133980751038,0.06528347840563195,0.11432546448607593,11,212265187.0,307486660.0,550504424.0
DEVELOPMENT,M3T,bid,realized_vol_50,Q2,61,ES,True,18,43,0.29508196721311475,0.26765626668930054,-0.02742571786778872,0.14190773677184781,18,16492940.0,285561119.0,679249627.5
DEVELOPMENT,M3T,bid,realized_vol_50,Q3,60,ES,True,13,47,0.21666666666666667,0.32801786065101624,0.11135120143493017,0.1542025765950076,13,867098.0,249356590.0,479920582.0
DEVELOPMENT,M3T,bid,realized_vol_50,Q4,61,ES,True,16,45,0.26229508196721313,0.2563353478908539,-0.00595977358886453,0.1581223480996383,16,38138490.5,230292757.0,474791957.5
DEVELOPMENT,M3T,bid,event_rate,Q1,61,ES,True,14,47,0.22950819672131148,0.2865791916847229,0.05707098293255587,0.10867371195954494,14,1370122.0,296187078.0,493021333.0
DEVELOPMENT,M3T,bid,event_rate,Q2,61,ES,True,11,50,0.18032786885245902,0.2386866807937622,0.05835883343806032,0.10859440698626868,11,128061046.0,268899718.0,525002939.0
DEVELOPMENT,M3T,bid,event_rate,Q3,60,ES,True,8,52,0.13333333333333333,0.2699725925922394,0.13663923144340515,0.12394059878494205,8,113078324.5,336507800.0,518140779.0
DEVELOPMENT,M3T,bid,event_rate,Q4,61,ES,True,25,36,0.4098360655737705,0.30143076181411743,-0.10840530156112108,0.2268533102249276,25,31440962.0,289927366.0,467259860.0
DEVELOPMENT,M3T,bid,imbalance_1,Q1,61,ES,True,37,24,0.6065573770491803,0.5301285982131958,-0.07642873242253163,0.2371176475854113,37,11510266.0,179629904.0,497388250.0
DEVELOPMENT,M3T,bid,imbalance_1,Q2,61,ES,True,12,49,0.19672131147540983,0.3027365505695343,0.1060152283457459,0.17018919046255013,12,241100562.5,369864270.0,458682154.0
DEVELOPMENT,M3T,bid,imbalance_1,Q3,60,ES,True,3,57,0.05,0.1852082908153534,0.1352082874625921,0.07076347264181641,3,233674169.0,467259860.0,519878502.0
DEVELOPMENT,M3T,bid,imbalance_1,Q4,61,ES,True,6,55,0.09836065573770492,0.07720614969730377,-0.021154495230952246,0.08911996109962467,6,235527091.5,445804335.0,563550544.5
DEVELOPMENT,M3T,ask,ask_queue_ahead_at_entry,Q1,61,ES,True,45,16,0.7377049180327869,0.43043678998947144,-0.3072681573570752,0.2829971850181188,45,785020.0,66963180.0,499776330.0
DEVELOPMENT,M3T,ask,ask_queue_ahead_at_entry,Q2,61,ES,True,21,40,0.3442622950819672,0.3256055414676666,-0.01865669620818779,0.23177931295554044,21,139903510.0,317781070.0,733130456.0
DEVELOPMENT,M3T,ask,ask_queue_ahead_at_entry,Q3,60,ES,True,9,51,0.15,0.23305532336235046,0.08305533255139987,0.1360968125966301,9,237307532.0,409977668.0,642105376.0
DEVELOPMENT,M3T,ask,ask_queue_ahead_at_entry,Q4,61,ES,True,1,60,0.01639344262295082,0.17856211960315704,0.16216867233886093,0.047394353293724815,1,217734906.0,217734906.0,217734906.0
DEVELOPMENT,M3T,ask,queue_ahead_ratio_at_price,Q1,147,ES,True,49,98,0.3333333333333333,0.2975856363773346,-0.035747683524679975,0.1820987197518292,49,1128956.0,206936734.0,620763792.0
DEVELOPMENT,M3T,ask,queue_ahead_ratio_at_price,Q2,35,ES,True,3,32,0.08571428571428572,0.2185361683368683,0.13282188326120375,0.08578128178464114,3,68256339.0,79582994.0,300832762.0
DEVELOPMENT,M3T,ask,queue_ahead_ratio_at_price,Q3,61,ES,True,24,37,0.39344262295081966,0.32131698727607727,-0.07212563176624111,0.20798973798568693,24,118969267.5,239359018.0,650139461.0
DEVELOPMENT,M3T,ask,queue_ahead_ratio_top5,Q1,61,ES,True,45,16,0.7377049180327869,0.43019336462020874,-0.30751158174921256,0.2830414055916098,45,785020.0,50086756.0,462145930.0
DEVELOPMENT,M3T,ask,queue_ahead_ratio_top5,Q2,61,ES,True,19,42,0.3114754098360656,0.33132264018058777,0.019847261368251237,0.21743175531934297,19,173420122.0,317781070.0,774051563.0
DEVELOPMENT,M3T,ask,queue_ahead_ratio_top5,Q3,60,ES,True,9,51,0.15,0.23130325973033905,0.08130327289303144,0.12993191667075843,9,409977668.0,642105376.0,885053416.0
DEVELOPMENT,M3T,ask,queue_ahead_ratio_top5,Q4,61,ES,True,3,58,0.04918032786885246,0.17481179535388947,0.12563147652344625,0.06776152241466575,3,172235642.0,217734906.0,308447938.0
DEVELOPMENT,M3T,ask,spread,Q1,243,ES,True,76,167,0.31275720164609055,0.2921571433544159,-0.020600029225212067,0.17472522914859356,76,21368799.0,234736133.0,621799831.0
DEVELOPMENT,M3T,ask,realized_vol_50,Q1,61,ES,True,16,45,0.26229508196721313,0.3029310405254364,0.04063601620861741,0.1543482286624071,16,10327142.5,133379136.0,477130080.0
DEVELOPMENT,M3T,ask,realized_vol_50,Q2,61,ES,True,23,38,0.3770491803278688,0.2950787842273712,-0.08197038974918303,0.20359356138236845,23,17462779.0,237307532.0,611391426.0
DEVELOPMENT,M3T,ask,realized_vol_50,Q3,60,ES,True,18,42,0.3,0.2547844648361206,-0.04521553901334604,0.18517585556179045,18,85426933.0,244988501.0,704901844.0
DEVELOPMENT,M3T,ask,realized_vol_50,Q4,61,ES,True,19,42,0.3114754098360656,0.3152216374874115,0.0037462627057169304,0.1559545927322868,19,8430248.0,241410504.0,629131991.0
DEVELOPMENT,M3T,ask,event_rate,Q1,61,ES,True,14,47,0.22950819672131148,0.2928353548049927,0.06332718361108029,0.15820824304308456,14,73469374.0,318234251.0,825863154.5
DEVELOPMENT,M3T,ask,event_rate,Q2,61,ES,True,20,41,0.32786885245901637,0.31646040081977844,-0.011408445043642013,0.1699836915194019,20,32056892.0,342903535.0,732248969.0
DEVELOPMENT,M3T,ask,event_rate,Q3,60,ES,True,22,38,0.36666666666666664,0.29439300298690796,-0.07227364219725133,0.1806761170960279,22,4625978.5,94310502.0,279144313.5
DEVELOPMENT,M3T,ask,event_rate,Q4,61,ES,True,20,41,0.32786885245901637,0.26497653126716614,-0.06289232168041292,0.19013042047598167,20,87602129.5,248913022.0,541817492.5
DEVELOPMENT,M3T,ask,imbalance_1,Q1,61,ES,True,3,58,0.04918032786885246,0.15274745225906372,0.10356712512305526,0.05892832928608155,3,172235642.0,217734906.0,313856287.0
DEVELOPMENT,M3T,ask,imbalance_1,Q2,61,ES,True,8,53,0.13114754098360656,0.2535998821258545,0.12245236410469305,0.1327999758462912,8,351104911.0,609121771.0,900812581.0
DEVELOPMENT,M3T,ask,imbalance_1,Q3,60,ES,True,23,37,0.38333333333333336,0.32208871841430664,-0.061244573444128036,0.23779000607607917,23,121431130.0,255599968.0,622835870.0
DEVELOPMENT,M3T,ask,imbalance_1,Q4,61,ES,True,42,19,0.6885245901639344,0.4406832456588745,-0.24784133668805733,0.27041645418801225,42,802271.0,54247724.0,490368730.0
DEVELOPMENT,XGBOOST,bid,bid_queue_ahead_at_entry,Q1,62,ES,True,38,24,0.6129032258064516,0.5182299613952637,-0.09467330310613878,0.25767987406570686,38,8477701.0,201807272.0,487211967.5
DEVELOPMENT,XGBOOST,bid,bid_queue_ahead_at_entry,Q2,60,ES,True,12,48,0.2,0.1940665990114212,-0.005933388136327267,0.1394979638680661,12,241100562.5,376099120.0,455516973.5
DEVELOPMENT,XGBOOST,bid,bid_queue_ahead_at_entry,Q3,62,ES,True,3,59,0.04838709677419355,0.10777464509010315,0.059387544230107336,0.05612715708536323,3,290101701.0,572497144.0,710427598.0
DEVELOPMENT,XGBOOST,bid,bid_queue_ahead_at_entry,Q4,59,ES,True,5,54,0.0847457627118644,0.07920791208744049,-0.005537848446076199,0.07694863618475824,5,188394500.0,514683804.0,579839458.0
DEVELOPMENT,XGBOOST,bid,queue_ahead_ratio_at_price,Q1,61,ES,True,33,28,0.5409836065573771,0.40603527426719666,-0.134948336992596,0.22908133352469767,33,7466846.0,122648996.0,456683120.0
DEVELOPMENT,XGBOOST,bid,queue_ahead_ratio_at_price,Q2,110,ES,True,12,98,0.10909090909090909,0.14232611656188965,0.03323521785099398,0.09375981415651789,12,234116067.5,359145470.0,455516973.5
DEVELOPMENT,XGBOOST,bid,queue_ahead_ratio_at_price,Q3,11,ES,True,2,9,0.18181818181818182,0.08719419687986374,-0.09462398730895737,0.15293202012185214,2,529137139.0,543590474.0,558043809.0
DEVELOPMENT,XGBOOST,bid,queue_ahead_ratio_at_price,Q4,61,ES,True,11,50,0.18032786885245902,0.22535058856010437,0.045022705844679815,0.10485393729159256,11,234778635.0,428936064.0,789265272.0
DEVELOPMENT,XGBOOST,bid,queue_ahead_ratio_top5,Q1,61,ES,True,36,25,0.5901639344262295,0.5148199200630188,-0.07534404392125177,0.25345479119638326,36,6471082.0,195921176.0,435872828.0
DEVELOPMENT,XGBOOST,bid,queue_ahead_ratio_top5,Q2,61,ES,True,12,49,0.19672131147540983,0.18888938426971436,-0.00783194137401268,0.130228706774114,12,264013936.0,379760127.0,563901202.0
DEVELOPMENT,XGBOOST,bid,queue_ahead_ratio_top5,Q3,60,ES,True,4,56,0.06666666666666667,0.12101142108440399,0.054344752244651316,0.06034505756888809,4,136648992.5,315616291.0,467372959.5
DEVELOPMENT,XGBOOST,bid,queue_ahead_ratio_top5,Q4,61,ES,True,6,55,0.09836065573770492,0.08102617412805557,-0.01733448243409884,0.08754895849208895,6,284420161.0,576168301.0,593762264.5
DEVELOPMENT,XGBOOST,bid,spread,Q1,243,ES,True,58,185,0.23868312757201646,0.2268705666065216,-0.01181256541897976,0.13319293538416063,58,35578551.5,279413542.0,510359915.5
DEVELOPMENT,XGBOOST,bid,realized_vol_50,Q1,61,ES,True,11,50,0.18032786885245902,0.20486129820346832,0.024533414694129445,0.08654570837974199,11,212265187.0,307486660.0,550504424.0
DEVELOPMENT,XGBOOST,bid,realized_vol_50,Q2,61,ES,True,18,43,0.29508196721311475,0.2268560230731964,-0.06822593803288507,0.1368927883101887,18,16492940.0,285561119.0,679249627.5
DEVELOPMENT,XGBOOST,bid,realized_vol_50,Q3,60,ES,True,13,47,0.21666666666666667,0.2556801438331604,0.03901347598681847,0.15224768886789827,13,867098.0,249356590.0,479920582.0
DEVELOPMENT,XGBOOST,bid,realized_vol_50,Q4,61,ES,True,16,45,0.26229508196721313,0.2205570787191391,-0.04173800053044421,0.15739792898674393,16,38138490.5,230292757.0,474791957.5
DEVELOPMENT,XGBOOST,bid,event_rate,Q1,61,ES,True,14,47,0.22950819672131148,0.23012416064739227,0.0006159563533595351,0.13021071679350418,14,1370122.0,296187078.0,493021333.0
DEVELOPMENT,XGBOOST,bid,event_rate,Q2,61,ES,True,11,50,0.18032786885245902,0.19136977195739746,0.011041927044508888,0.12649925059171863,11,128061046.0,268899718.0,525002939.0
DEVELOPMENT,XGBOOST,bid,event_rate,Q3,60,ES,True,8,52,0.13333333333333333,0.1884315013885498,0.055098164267838,0.08801866889713074,8,113078324.5,336507800.0,518140779.0
DEVELOPMENT,XGBOOST,bid,event_rate,Q4,61,ES,True,25,36,0.4098360655737705,0.2969266474246979,-0.11290941213364483,0.18730254350860018,25,31440962.0,289927366.0,467259860.0
DEVELOPMENT,XGBOOST,bid,imbalance_1,Q1,61,ES,True,37,24,0.6065573770491803,0.5127952098846436,-0.0937621966615075,0.24761674127546013,37,11510266.0,179629904.0,497388250.0
DEVELOPMENT,XGBOOST,bid,imbalance_1,Q2,61,ES,True,12,49,0.19672131147540983,0.17910152673721313,-0.017619788494022168,0.1574711834234396,12,241100562.5,369864270.0,458682154.0
DEVELOPMENT,XGBOOST,bid,imbalance_1,Q3,60,ES,True,3,57,0.05,0.1277070939540863,0.07770708755900463,0.04333015340530905,3,233674169.0,467259860.0,519878502.0
DEVELOPMENT,XGBOOST,bid,imbalance_1,Q4,61,ES,True,6,55,0.09836065573770492,0.08625283092260361,-0.01210782878467294,0.08288050307212491,6,235527091.5,445804335.0,563550544.5
DEVELOPMENT,XGBOOST,ask,ask_queue_ahead_at_entry,Q1,61,ES,True,45,16,0.7377049180327869,0.4457823932170868,-0.291922537274048,0.3064443268214035,45,785020.0,66963180.0,499776330.0
DEVELOPMENT,XGBOOST,ask,ask_queue_ahead_at_entry,Q2,61,ES,True,21,40,0.3442622950819672,0.2987450063228607,-0.04551729492721011,0.23034941539179116,21,139903510.0,317781070.0,733130456.0
DEVELOPMENT,XGBOOST,ask,ask_queue_ahead_at_entry,Q3,60,ES,True,9,51,0.15,0.19041581451892853,0.04041579002514482,0.15897613275260444,9,237307532.0,409977668.0,642105376.0
DEVELOPMENT,XGBOOST,ask,ask_queue_ahead_at_entry,Q4,61,ES,True,1,60,0.01639344262295082,0.1355796456336975,0.11918619775869807,0.024564101561025963,1,217734906.0,217734906.0,217734906.0
DEVELOPMENT,XGBOOST,ask,queue_ahead_ratio_at_price,Q1,147,ES,True,49,98,0.3333333333333333,0.26216769218444824,-0.07116564228928009,0.1950202898410328,49,1128956.0,206936734.0,620763792.0
DEVELOPMENT,XGBOOST,ask,queue_ahead_ratio_at_price,Q2,35,ES,True,3,32,0.08571428571428572,0.16779875755310059,0.08208448099238531,0.06570909434380433,3,68256339.0,79582994.0,300832762.0
DEVELOPMENT,XGBOOST,ask,queue_ahead_ratio_at_price,Q3,61,ES,True,24,37,0.39344262295081966,0.3393421173095703,-0.05410051996224239,0.21005894306096318,24,118969267.5,239359018.0,650139461.0
DEVELOPMENT,XGBOOST,ask,queue_ahead_ratio_top5,Q1,61,ES,True,45,16,0.7377049180327869,0.4400997757911682,-0.29760518792222757,0.311975036705496,45,785020.0,50086756.0,462145930.0
DEVELOPMENT,XGBOOST,ask,queue_ahead_ratio_top5,Q2,61,ES,True,19,42,0.3114754098360656,0.30269762873649597,-0.008777759541742137,0.21835992851532027,19,173420122.0,317781070.0,774051563.0
DEVELOPMENT,XGBOOST,ask,queue_ahead_ratio_top5,Q3,60,ES,True,9,51,0.15,0.17783096432685852,0.027830956255396208,0.13605854781782917,9,409977668.0,642105376.0,885053416.0
DEVELOPMENT,XGBOOST,ask,queue_ahead_ratio_top5,Q4,61,ES,True,3,58,0.04918032786885246,0.14968813955783844,0.10050783804083457,0.0535647653744949,3,172235642.0,217734906.0,308447938.0
DEVELOPMENT,XGBOOST,ask,spread,Q1,243,ES,True,76,167,0.31275720164609055,0.2679484486579895,-0.04480874197319947,0.1801703557011676,76,21368799.0,234736133.0,621799831.0
DEVELOPMENT,XGBOOST,ask,realized_vol_50,Q1,61,ES,True,16,45,0.26229508196721313,0.23840798437595367,-0.02388708357561807,0.17662141475046633,16,10327142.5,133379136.0,477130080.0
DEVELOPMENT,XGBOOST,ask,realized_vol_50,Q2,61,ES,True,23,38,0.3770491803278688,0.2515757381916046,-0.1254734570679606,0.22318701945776032,23,17462779.0,237307532.0,611391426.0
DEVELOPMENT,XGBOOST,ask,realized_vol_50,Q3,60,ES,True,18,42,0.3,0.2437899112701416,-0.056210109312087295,0.16588689000167778,18,85426933.0,244988501.0,704901844.0
DEVELOPMENT,XGBOOST,ask,realized_vol_50,Q4,61,ES,True,19,42,0.3114754098360656,0.337624192237854,0.02614877440157484,0.15475194341936443,19,8430248.0,241410504.0,629131991.0
DEVELOPMENT,XGBOOST,ask,event_rate,Q1,61,ES,True,14,47,0.22950819672131148,0.20893381536006927,-0.020574376506150745,0.15148612542149945,14,73469374.0,318234251.0,825863154.5
DEVELOPMENT,XGBOOST,ask,event_rate,Q2,61,ES,True,20,41,0.32786885245901637,0.2668464779853821,-0.0610223401521073,0.1951463003741842,20,32056892.0,342903535.0,732248969.0
DEVELOPMENT,XGBOOST,ask,event_rate,Q3,60,ES,True,22,38,0.36666666666666664,0.29884135723114014,-0.06782528472443422,0.20015378622713595,22,4625978.5,94310502.0,279144313.5
DEVELOPMENT,XGBOOST,ask,event_rate,Q4,61,ES,True,20,41,0.32786885245901637,0.2976786196231842,-0.030190286883076685,0.17422280800358794,20,87602129.5,248913022.0,541817492.5
DEVELOPMENT,XGBOOST,ask,imbalance_1,Q1,61,ES,True,3,58,0.04918032786885246,0.15969522297382355,0.11051488197484954,0.055161533584323026,3,172235642.0,217734906.0,313856287.0
DEVELOPMENT,XGBOOST,ask,imbalance_1,Q2,61,ES,True,8,53,0.13114754098360656,0.16229921579360962,0.031151689314207094,0.1392705657016611,8,351104911.0,609121771.0,900812581.0
DEVELOPMENT,XGBOOST,ask,imbalance_1,Q3,60,ES,True,23,37,0.38333333333333336,0.31287017464637756,-0.0704631249109904,0.2269885786067879,23,121431130.0,255599968.0,622835870.0
DEVELOPMENT,XGBOOST,ask,imbalance_1,Q4,61,ES,True,42,19,0.6885245901639344,0.4376656711101532,-0.250858977925582,0.3000282567628101,42,802271.0,54247724.0,490368730.0
FINAL_POSTHOC_ONLY,M3T,bid,bid_queue_ahead_at_entry,Q1,319,NVDA,True,106,213,0.3322884012539185,0.4050101637840271,0.07272181958262788,0.35732841747547206,106,13282500.0,177856500.0,387499750.0
FINAL_POSTHOC_ONLY,M3T,bid,bid_queue_ahead_at_entry,Q2,132,NVDA,True,59,73,0.44696969696969696,0.4964260458946228,0.04945634910404806,0.3514000242187627,59,72268500.0,254676000.0,619326500.0
FINAL_POSTHOC_ONLY,M3T,bid,bid_queue_ahead_at_entry,Q3,114,NVDA,True,47,67,0.41228070175438597,0.46818333864212036,0.055902646723367116,0.3521262972081303,47,79722000.0,315586000.0,640212500.0
FINAL_POSTHOC_ONLY,M3T,bid,bid_queue_ahead_at_entry,Q4,2642,NVDA,True,795,1847,0.3009084027252082,0.364871084690094,0.06396267966619464,0.29219079158644057,795,97185000.0,328048000.0,640559000.0
FINAL_POSTHOC_ONLY,M3T,bid,queue_ahead_ratio_at_price,Q1,947,NVDA,True,335,612,0.35374868004223864,0.34181156754493713,-0.011937089398949084,0.303737000337283,335,34277500.0,240914000.0,553527500.0
FINAL_POSTHOC_ONLY,M3T,bid,queue_ahead_ratio_at_price,Q2,1595,NVDA,True,474,1121,0.29717868338557996,0.40511083602905273,0.10793214481437544,0.3177693244771228,474,148753750.0,364023000.0,659226000.0
FINAL_POSTHOC_ONLY,M3T,bid,queue_ahead_ratio_at_price,Q3,16,NVDA,True,3,13,0.1875,0.37360313534736633,0.1861031545267906,0.3140671982318896,3,132541000.0,261438000.0,483275500.0
FINAL_POSTHOC_ONLY,M3T,bid,queue_ahead_ratio_at_price,Q4,649,NVDA,True,195,454,0.300462249614792,0.36404281854629517,0.06358058881755006,0.2665284292642944,195,43005500.0,265011000.0,583371000.0
FINAL_POSTHOC_ONLY,M3T,bid,queue_ahead_ratio_top5,Q1,1592,NVDA,True,563,1029,0.353643216080402,0.3652583062648773,0.011615062145743359,0.31161664854873405,563,71821500.0,302141000.0,633293500.0
FINAL_POSTHOC_ONLY,M3T,bid,queue_ahead_ratio_top5,Q2,973,NVDA,True,305,668,0.31346351490236385,0.37901556491851807,0.06555202551067231,0.2845908222102417,305,108302000.0,335522000.0,619258000.0
FINAL_POSTHOC_ONLY,M3T,bid,queue_ahead_ratio_top5,Q3,166,NVDA,True,43,123,0.25903614457831325,0.37937691807746887,0.12034077511496809,0.2976625298302358,43,93490000.0,294873000.0,561185000.0
FINAL_POSTHOC_ONLY,M3T,bid,queue_ahead_ratio_top5,Q4,476,NVDA,True,96,380,0.20168067226890757,0.41772884130477905,0.21604817543308907,0.31527412431236607,96,45674500.0,247325500.0,466703000.0
FINAL_POSTHOC_ONLY,M3T,bid,spread,Q1,3207,NVDA,True,1007,2200,0.31400062363579667,0.3779509663581848,0.0639503585697358,0.3032376169705816,1007,77303500.0,309782000.0,617467500.0
FINAL_POSTHOC_ONLY,M3T,bid,realized_vol_50,Q1,57,NVDA,True,6,51,0.10526315789473684,0.7257544994354248,0.6204913276852223,0.4865442187750269,6,75442250.0,84640000.0,95851500.0
FINAL_POSTHOC_ONLY,M3T,bid,realized_vol_50,Q4,3150,NVDA,True,1001,2149,0.31777777777777777,0.3716574013233185,0.053879617223836516,0.2999206403665012,1001,77342000.0,313556000.0,619201000.0
FINAL_POSTHOC_ONLY,M3T,bid,event_rate,Q1,926,NVDA,True,182,744,0.19654427645788336,0.29681161046028137,0.10026734526841037,0.24175219016938929,182,45809250.0,308066500.0,641093000.0
FINAL_POSTHOC_ONLY,M3T,bid,event_rate,Q2,225,NVDA,True,61,164,0.27111111111111114,0.29714587330818176,0.026034710477829178,0.25568244023714404,61,91887000.0,428526000.0,674859000.0
FINAL_POSTHOC_ONLY,M3T,bid,event_rate,Q3,348,NVDA,True,100,248,0.28735632183908044,0.38856568932533264,0.10120937803243686,0.2795964707315379,100,111437250.0,340871000.0,701914250.0
FINAL_POSTHOC_ONLY,M3T,bid,event_rate,Q4,1708,NVDA,True,664,1044,0.38875878220140514,0.4304230809211731,0.04166426510643741,0.34765362333715927,664,78538250.0,299916500.0,593935750.0
FINAL_POSTHOC_ONLY,M3T,bid,imbalance_1,Q1,713,NVDA,True,264,449,0.3702664796633941,0.4673301875591278,0.09706369780698934,0.3283712238416533,264,70695500.0,251040500.0,596121750.0
FINAL_POSTHOC_ONLY,M3T,bid,imbalance_1,Q2,1076,NVDA,True,322,754,0.2992565055762082,0.4275781810283661,0.1283216589294744,0.31890839582937086,322,89245500.0,313548500.0,644643750.0
FINAL_POSTHOC_ONLY,M3T,bid,imbalance_1,Q3,738,NVDA,True,214,524,0.2899728997289973,0.3246796429157257,0.03470674306575422,0.28145322518016164,214,142358500.0,345717000.0,636253750.0
FINAL_POSTHOC_ONLY,M3T,bid,imbalance_1,Q4,680,NVDA,True,207,473,0.3044117647058823,0.26352161169052124,-0.04089014410864969,0.2757300601914618,207,60391500.0,309782000.0,592662500.0
FINAL_POSTHOC_ONLY,M3T,ask,ask_queue_ahead_at_entry,Q1,290,NVDA,True,123,167,0.4241379310344828,0.3865387737751007,-0.037599145430889214,0.30338737497539847,123,25973000.0,203638000.0,507963000.0
FINAL_POSTHOC_ONLY,M3T,ask,ask_queue_ahead_at_entry,Q2,69,NVDA,True,31,38,0.4492753623188406,0.3504229187965393,-0.09885244609356142,0.3404127028263999,31,27590500.0,141794000.0,432673500.0
FINAL_POSTHOC_ONLY,M3T,ask,ask_queue_ahead_at_entry,Q3,127,NVDA,True,54,73,0.4251968503937008,0.37677517533302307,-0.04842164464527501,0.30881025577022153,54,99006250.0,224110500.0,635481500.0
FINAL_POSTHOC_ONLY,M3T,ask,ask_queue_ahead_at_entry,Q4,2721,NVDA,True,776,1945,0.2851892686512312,0.37515053153038025,0.08996127502570336,0.2736808907950838,776,106739000.0,310318500.0,602808750.0
FINAL_POSTHOC_ONLY,M3T,ask,queue_ahead_ratio_at_price,Q1,2467,NVDA,True,756,1711,0.30644507498986623,0.372561514377594,0.06611642781138181,0.280931856408125,756,96773250.0,303074500.0,584032750.0
FINAL_POSTHOC_ONLY,M3T,ask,queue_ahead_ratio_at_price,Q2,45,NVDA,True,8,37,0.17777777777777778,0.362263560295105,0.1844857837216902,0.18170887377678832,8,3483500.0,94574500.0,343104750.0
FINAL_POSTHOC_ONLY,M3T,ask,queue_ahead_ratio_at_price,Q3,695,NVDA,True,220,475,0.31654676258992803,0.38776895403862,0.07122218969988534,0.27933760071270264,220,65224250.0,285368000.0,622278000.0
FINAL_POSTHOC_ONLY,M3T,ask,queue_ahead_ratio_top5,Q1,1373,NVDA,True,487,886,0.3546977421704297,0.38419631123542786,0.02949854539636999,0.28330682081451636,487,52034500.0,271265000.0,542421500.0
FINAL_POSTHOC_ONLY,M3T,ask,queue_ahead_ratio_top5,Q2,966,NVDA,True,301,665,0.3115942028985507,0.37031444907188416,0.05872027381452423,0.2778180842147733,301,153176000.0,336245000.0,623173000.0
FINAL_POSTHOC_ONLY,M3T,ask,queue_ahead_ratio_top5,Q3,360,NVDA,True,87,273,0.24166666666666667,0.38738009333610535,0.14571343261334566,0.2729647600690444,87,51022000.0,274578000.0,581365500.0
FINAL_POSTHOC_ONLY,M3T,ask,queue_ahead_ratio_top5,Q4,508,NVDA,True,109,399,0.21456692913385828,0.35478031635284424,0.14021335914315838,0.275109396888721,109,122762000.0,284578000.0,608998000.0
FINAL_POSTHOC_ONLY,M3T,ask,spread,Q1,3207,NVDA,True,984,2223,0.3068288119738073,0.37571263313293457,0.06888385080123956,0.2791940821871307,984,89689250.0,296270000.0,589846250.0
FINAL_POSTHOC_ONLY,M3T,ask,realized_vol_50,Q1,57,NVDA,True,0,57,0.0,0.5523937344551086,0.5523937315856613,0.5008509431571272,0,,,
FINAL_POSTHOC_ONLY,M3T,ask,realized_vol_50,Q4,3150,NVDA,True,984,2166,0.31238095238095237,0.37251558899879456,0.06013462438704527,0.2751831485124355,984,89689250.0,296270000.0,589846250.0
FINAL_POSTHOC_ONLY,M3T,ask,event_rate,Q1,926,NVDA,True,172,754,0.1857451403887689,0.40591877698898315,0.22017365736348218,0.23953109933874692,172,34108000.0,231127000.0,523754000.0
FINAL_POSTHOC_ONLY,M3T,ask,event_rate,Q2,225,NVDA,True,46,179,0.20444444444444446,0.4032226800918579,0.19877824497512644,0.24895368589509168,46,278414000.0,581352000.0,803772500.0
FINAL_POSTHOC_ONLY,M3T,ask,event_rate,Q3,348,NVDA,True,104,244,0.2988505747126437,0.38363412022590637,0.08478354770540919,0.2428467652815345,104,114388500.0,299200500.0,548977500.0
FINAL_POSTHOC_ONLY,M3T,ask,event_rate,Q4,1708,NVDA,True,662,1046,0.3875878220140515,0.3540983200073242,-0.03348950639338117,0.3120868676475872,662,103267500.0,291521500.0,589548000.0
FINAL_POSTHOC_ONLY,M3T,ask,imbalance_1,Q1,713,NVDA,True,202,511,0.28330995792426367,0.3146522343158722,0.03134229096897893,0.2638079759417139,202,146336500.0,346870500.0,633799500.0
FINAL_POSTHOC_ONLY,M3T,ask,imbalance_1,Q2,1076,NVDA,True,291,785,0.2704460966542751,0.36209073662757874,0.09164464095210001,0.2726576006403607,291,126327500.0,310078000.0,532216500.0
FINAL_POSTHOC_ONLY,M3T,ask,imbalance_1,Q3,738,NVDA,True,254,484,0.34417344173441733,0.40736231207847595,0.06318887594320378,0.28009530060729304,254,86911000.0,289358000.0,609715000.0
FINAL_POSTHOC_ONLY,M3T,ask,imbalance_1,Q4,680,NVDA,True,237,443,0.34852941176470587,0.42694181203842163,0.07841239992374902,0.30469180086834674,237,38874000.0,226020000.0,564743000.0
FINAL_POSTHOC_ONLY,XGBOOST,bid,bid_queue_ahead_at_entry,Q1,319,NVDA,True,106,213,0.3322884012539185,0.15994274616241455,-0.1723456507998294,0.26189650368125783,106,13282500.0,177856500.0,387499750.0
FINAL_POSTHOC_ONLY,XGBOOST,bid,bid_queue_ahead_at_entry,Q2,132,NVDA,True,59,73,0.44696969696969696,0.15433135628700256,-0.29263834700439917,0.33986661301565185,59,72268500.0,254676000.0,619326500.0
FINAL_POSTHOC_ONLY,XGBOOST,bid,bid_queue_ahead_at_entry,Q3,114,NVDA,True,47,67,0.41228070175438597,0.13066643476486206,-0.28161427385190074,0.32840216497163227,47,79722000.0,315586000.0,640212500.0
FINAL_POSTHOC_ONLY,XGBOOST,bid,bid_queue_ahead_at_entry,Q4,2642,NVDA,True,795,1847,0.3009084027252082,0.09057389944791794,-0.21033449871655918,0.2518149452532109,795,97185000.0,328048000.0,640559000.0
FINAL_POSTHOC_ONLY,XGBOOST,bid,queue_ahead_ratio_at_price,Q1,947,NVDA,True,335,612,0.35374868004223864,0.09889087826013565,-0.2548577975001827,0.29012878212171606,335,34277500.0,240914000.0,553527500.0
FINAL_POSTHOC_ONLY,XGBOOST,bid,queue_ahead_ratio_at_price,Q2,1595,NVDA,True,474,1121,0.29717868338557996,0.10504719614982605,-0.19213148429522695,0.24672996238095635,474,148753750.0,364023000.0,659226000.0
FINAL_POSTHOC_ONLY,XGBOOST,bid,queue_ahead_ratio_at_price,Q3,16,NVDA,True,3,13,0.1875,0.08343528211116791,-0.10406471602618694,0.16854825307832985,3,132541000.0,261438000.0,483275500.0
FINAL_POSTHOC_ONLY,XGBOOST,bid,queue_ahead_ratio_at_price,Q4,649,NVDA,True,195,454,0.300462249614792,0.09715067595243454,-0.2033115717997123,0.24677548696763144,195,43005500.0,265011000.0,583371000.0
FINAL_POSTHOC_ONLY,XGBOOST,bid,queue_ahead_ratio_top5,Q1,1592,NVDA,True,563,1029,0.353643216080402,0.11107137054204941,-0.24257184324046624,0.28898416907860286,563,71821500.0,302141000.0,633293500.0
FINAL_POSTHOC_ONLY,XGBOOST,bid,queue_ahead_ratio_top5,Q2,973,NVDA,True,305,668,0.31346351490236385,0.08864213526248932,-0.22482139053242425,0.26191593241568806,305,108302000.0,335522000.0,619258000.0
FINAL_POSTHOC_ONLY,XGBOOST,bid,queue_ahead_ratio_top5,Q3,166,NVDA,True,43,123,0.25903614457831325,0.0814516469836235,-0.17758449988372355,0.22696347567140251,43,93490000.0,294873000.0,561185000.0
FINAL_POSTHOC_ONLY,XGBOOST,bid,queue_ahead_ratio_top5,Q4,476,NVDA,True,96,380,0.20168067226890757,0.10292083770036697,-0.09875983787904016,0.16503649870395684,96,45674500.0,247325500.0,466703000.0
FINAL_POSTHOC_ONLY,XGBOOST,bid,spread,Q1,3207,NVDA,True,1007,2200,0.31400062363579667,0.10152344405651093,-0.21247717406859754,0.2591644246205602,1007,77303500.0,309782000.0,617467500.0
FINAL_POSTHOC_ONLY,XGBOOST,bid,realized_vol_50,Q1,57,NVDA,True,6,51,0.10526315789473684,0.11075442284345627,0.005491269752383232,0.09606566641249804,6,75442250.0,84640000.0,95851500.0
FINAL_POSTHOC_ONLY,XGBOOST,bid,realized_vol_50,Q4,3150,NVDA,True,1001,2149,0.31777777777777777,0.10135641694068909,-0.2164213649567867,0.26211573548337275,1001,77342000.0,313556000.0,619201000.0
FINAL_POSTHOC_ONLY,XGBOOST,bid,event_rate,Q1,926,NVDA,True,182,744,0.19654427645788336,0.06717941910028458,-0.12936485282368718,0.17768632196833314,182,45809250.0,308066500.0,641093000.0
FINAL_POSTHOC_ONLY,XGBOOST,bid,event_rate,Q2,225,NVDA,True,61,164,0.27111111111111114,0.06421994417905807,-0.2068911702103085,0.2433882967354925,61,91887000.0,428526000.0,674859000.0
FINAL_POSTHOC_ONLY,XGBOOST,bid,event_rate,Q3,348,NVDA,True,100,248,0.28735632183908044,0.06748293340206146,-0.21987338831926556,0.25668573792565225,100,111437250.0,340871000.0,701914250.0
FINAL_POSTHOC_ONLY,XGBOOST,bid,event_rate,Q4,1708,NVDA,True,664,1044,0.38875878220140514,0.13199298083782196,-0.25676580274639,0.30592141220834157,664,78538250.0,299916500.0,593935750.0
FINAL_POSTHOC_ONLY,XGBOOST,bid,imbalance_1,Q1,713,NVDA,True,264,449,0.3702664796633941,0.12044426798820496,-0.24982221190769324,0.29630610801689733,264,70695500.0,251040500.0,596121750.0
FINAL_POSTHOC_ONLY,XGBOOST,bid,imbalance_1,Q2,1076,NVDA,True,322,754,0.2992565055762082,0.09561359137296677,-0.2036429119839932,0.2543970163777196,322,89245500.0,313548500.0,644643750.0
FINAL_POSTHOC_ONLY,XGBOOST,bid,imbalance_1,Q3,738,NVDA,True,214,524,0.2899728997289973,0.08523990958929062,-0.20473299196196926,0.24420336196502063,214,142358500.0,345717000.0,636253750.0
FINAL_POSTHOC_ONLY,XGBOOST,bid,imbalance_1,Q4,680,NVDA,True,207,473,0.3044117647058823,0.10870832204818726,-0.19570343938984852,0.24400115292570182,207,60391500.0,309782000.0,592662500.0
FINAL_POSTHOC_ONLY,XGBOOST,ask,ask_queue_ahead_at_entry,Q1,290,NVDA,True,123,167,0.4241379310344828,0.2847411632537842,-0.13939678509687556,0.28015630970658834,123,25973000.0,203638000.0,507963000.0
FINAL_POSTHOC_ONLY,XGBOOST,ask,ask_queue_ahead_at_entry,Q2,69,NVDA,True,31,38,0.4492753623188406,0.29303207993507385,-0.15624329318170962,0.29514713430602124,31,27590500.0,141794000.0,432673500.0
FINAL_POSTHOC_ONLY,XGBOOST,ask,ask_queue_ahead_at_entry,Q3,127,NVDA,True,54,73,0.4251968503937008,0.2543726861476898,-0.1708241576167542,0.2839915110578364,54,99006250.0,224110500.0,635481500.0
FINAL_POSTHOC_ONLY,XGBOOST,ask,ask_queue_ahead_at_entry,Q4,2721,NVDA,True,776,1945,0.2851892686512312,0.24795670807361603,-0.03723256335275789,0.20822393185495308,776,106739000.0,310318500.0,602808750.0
FINAL_POSTHOC_ONLY,XGBOOST,ask,queue_ahead_ratio_at_price,Q1,2467,NVDA,True,756,1711,0.30644507498986623,0.25085535645484924,-0.05558970414425228,0.219929834016539,756,96773250.0,303074500.0,584032750.0
FINAL_POSTHOC_ONLY,XGBOOST,ask,queue_ahead_ratio_at_price,Q2,45,NVDA,True,8,37,0.17777777777777778,0.22372592985630035,0.045948162840472324,0.14685608606953676,8,3483500.0,94574500.0,343104750.0
FINAL_POSTHOC_ONLY,XGBOOST,ask,queue_ahead_ratio_at_price,Q3,695,NVDA,True,220,475,0.31654676258992803,0.2602328360080719,-0.056313949657215485,0.22313568082268764,220,65224250.0,285368000.0,622278000.0
FINAL_POSTHOC_ONLY,XGBOOST,ask,queue_ahead_ratio_top5,Q1,1373,NVDA,True,487,886,0.3546977421704297,0.27481064200401306,-0.07988709239295948,0.248564901856649,487,52034500.0,271265000.0,542421500.0
FINAL_POSTHOC_ONLY,XGBOOST,ask,queue_ahead_ratio_top5,Q2,966,NVDA,True,301,665,0.3115942028985507,0.2362481653690338,-0.07534602762626072,0.22014154565271724,301,153176000.0,336245000.0,623173000.0
FINAL_POSTHOC_ONLY,XGBOOST,ask,queue_ahead_ratio_top5,Q3,360,NVDA,True,87,273,0.24166666666666667,0.23987102508544922,-0.0017956419951385921,0.18193870605401344,87,51022000.0,274578000.0,581365500.0
FINAL_POSTHOC_ONLY,XGBOOST,ask,queue_ahead_ratio_top5,Q4,508,NVDA,True,109,399,0.21456692913385828,0.23209714889526367,0.01753020443491579,0.16696937998927153,109,122762000.0,284578000.0,608998000.0
FINAL_POSTHOC_ONLY,XGBOOST,ask,spread,Q1,3207,NVDA,True,984,2223,0.3068288119738073,0.25250691175460815,-0.05432189828743807,0.21959922749101926,984,89689250.0,296270000.0,589846250.0
FINAL_POSTHOC_ONLY,XGBOOST,ask,realized_vol_50,Q1,57,NVDA,True,0,57,0.0,0.14610804617404938,0.1461080459126255,0.03298522615442867,0,,,
FINAL_POSTHOC_ONLY,XGBOOST,ask,realized_vol_50,Q4,3150,NVDA,True,984,2166,0.31238095238095237,0.25443223118782043,-0.057948725849153504,0.22297605227710995,984,89689250.0,296270000.0,589846250.0
FINAL_POSTHOC_ONLY,XGBOOST,ask,event_rate,Q1,926,NVDA,True,172,754,0.1857451403887689,0.2538776099681854,0.068132483861037,0.1652130816856559,172,34108000.0,231127000.0,523754000.0
FINAL_POSTHOC_ONLY,XGBOOST,ask,event_rate,Q2,225,NVDA,True,46,179,0.20444444444444446,0.26058095693588257,0.056136521200339,0.16260583850919716,46,278414000.0,581352000.0,803772500.0
FINAL_POSTHOC_ONLY,XGBOOST,ask,event_rate,Q3,348,NVDA,True,104,244,0.2988505747126437,0.25408563017845154,-0.044764953975876175,0.21777437187337226,104,114388500.0,299200500.0,548977500.0
FINAL_POSTHOC_ONLY,XGBOOST,ask,event_rate,Q4,1708,NVDA,True,662,1046,0.3875878220140515,0.25037848949432373,-0.13720932151616247,0.25696464510906236,662,103267500.0,291521500.0,589548000.0
FINAL_POSTHOC_ONLY,XGBOOST,ask,imbalance_1,Q1,713,NVDA,True,202,511,0.28330995792426367,0.24142006039619446,-0.041889894701446426,0.2095580054728154,202,146336500.0,346870500.0,633799500.0
FINAL_POSTHOC_ONLY,XGBOOST,ask,imbalance_1,Q2,1076,NVDA,True,291,785,0.2704460966542751,0.22683657705783844,-0.0436095217222064,0.2002701556699706,291,126327500.0,310078000.0,532216500.0
FINAL_POSTHOC_ONLY,XGBOOST,ask,imbalance_1,Q3,738,NVDA,True,254,484,0.34417344173441733,0.25641998648643494,-0.08775346369803114,0.23898684875456105,254,86911000.0,289358000.0,609715000.0
FINAL_POSTHOC_ONLY,XGBOOST,ask,imbalance_1,Q4,680,NVDA,True,237,443,0.34852941176470587,0.30050453543663025,-0.0480248989756493,0.2396718864409219,237,38874000.0,226020000.0,564743000.0
