bin,lower,upper,support,positive,negative,mean_probability,empirical_rate,gap,partition,model,task,variant,binning
4,0.30000000000000004,0.4,31,12,19,0.38077992008578393,0.3870967741935484,0.006316854107764447,DEVELOPMENT,M3T,direction_top_label,raw,equal_width
5,0.4,0.5,211,127,84,0.4388238875221867,0.6018957345971564,0.1630718470749697,DEVELOPMENT,M3T,direction_top_label,raw,equal_width
6,0.5,0.6000000000000001,31,19,12,0.5725915835749719,0.6129032258064516,0.04031164223147976,DEVELOPMENT,M3T,direction_top_label,raw,equal_width
7,0.6000000000000001,0.7000000000000001,107,80,27,0.6487246306143074,0.7476635514018691,0.09893892078756172,DEVELOPMENT,M3T,direction_top_label,raw,equal_width
8,0.7000000000000001,0.8,4,3,1,0.7071343511343002,0.75,0.04286564886569977,DEVELOPMENT,M3T,direction_top_label,raw,equal_width
1,-inf,0.4019243657588959,39,17,22,0.38492356661038524,0.4358974358974359,0.050973869287050666,DEVELOPMENT,M3T,direction_top_label,raw,adaptive
2,0.4019243657588959,0.41451497077941896,38,23,15,0.4069186747074127,0.6052631578947368,0.19834448318732412,DEVELOPMENT,M3T,direction_top_label,raw,adaptive
3,0.41451497077941896,0.42764182686805724,38,22,16,0.4204776867439872,0.5789473684210527,0.15846968167706543,DEVELOPMENT,M3T,direction_top_label,raw,adaptive
4,0.42764182686805724,0.4417386889457703,39,22,17,0.4337135033729749,0.5641025641025641,0.13038906072958922,DEVELOPMENT,M3T,direction_top_label,raw,adaptive
5,0.4417386889457703,0.46499305963516235,38,19,19,0.45419036949935715,0.5,0.04580963050064285,DEVELOPMENT,M3T,direction_top_label,raw,adaptive
6,0.46499305963516235,0.4809429347515107,38,28,10,0.47256571446594436,0.7368421052631579,0.2642763907972135,DEVELOPMENT,M3T,direction_top_label,raw,adaptive
7,0.4809429347515107,0.5936557412147523,39,24,15,0.5428516100614499,0.6153846153846154,0.07253300532316553,DEVELOPMENT,M3T,direction_top_label,raw,adaptive
8,0.5936557412147523,0.6263152837753296,38,29,9,0.6117839185815108,0.7631578947368421,0.15137397615533132,DEVELOPMENT,M3T,direction_top_label,raw,adaptive
9,0.6263152837753296,0.6700606286525727,38,26,12,0.6508840824428358,0.6842105263157895,0.03332644387295369,DEVELOPMENT,M3T,direction_top_label,raw,adaptive
10,0.6700606286525727,inf,39,31,8,0.6833639557545002,0.7948717948717948,0.11150783911729467,DEVELOPMENT,M3T,direction_top_label,raw,adaptive
2,0.1,0.2,111,8,103,0.1735293820903108,0.07207207207207207,0.10145731001823872,DEVELOPMENT,M3T,direction_down,raw,equal_width
3,0.2,0.30000000000000004,182,26,156,0.24167626457554953,0.14285714285714285,0.09881912171840668,DEVELOPMENT,M3T,direction_down,raw,equal_width
4,0.30000000000000004,0.4,86,29,57,0.33966129810311074,0.3372093023255814,0.002451995777529359,DEVELOPMENT,M3T,direction_down,raw,equal_width
5,0.4,0.5,5,3,2,0.4145388126373291,0.6,0.18546118736267087,DEVELOPMENT,M3T,direction_down,raw,equal_width
4,0.30000000000000004,0.4,53,25,28,0.37743173399061525,0.4716981132075472,0.09426637921693193,DEVELOPMENT,M3T,direction_flat,raw,equal_width
5,0.4,0.5,190,123,67,0.440181912089649,0.6473684210526316,0.20718650896298257,DEVELOPMENT,M3T,direction_flat,raw,equal_width
6,0.5,0.6000000000000001,30,18,12,0.5748570601145426,0.6,0.02514293988545735,DEVELOPMENT,M3T,direction_flat,raw,equal_width
7,0.6000000000000001,0.7000000000000001,107,80,27,0.6487246306143074,0.7476635514018691,0.09893892078756172,DEVELOPMENT,M3T,direction_flat,raw,equal_width
8,0.7000000000000001,0.8,4,3,1,0.7071343511343002,0.75,0.04286564886569977,DEVELOPMENT,M3T,direction_flat,raw,equal_width
2,0.1,0.2,143,17,126,0.1641850368334697,0.11888111888111888,0.04530391795235081,DEVELOPMENT,M3T,direction_up,raw,equal_width
3,0.2,0.30000000000000004,126,14,112,0.24503194528912742,0.1111111111111111,0.1339208341780163,DEVELOPMENT,M3T,direction_up,raw,equal_width
4,0.30000000000000004,0.4,89,33,56,0.3477086732896526,0.3707865168539326,0.02307784356428,DEVELOPMENT,M3T,direction_up,raw,equal_width
5,0.4,0.5,25,4,21,0.4216071438789368,0.16,0.2616071438789368,DEVELOPMENT,M3T,direction_up,raw,equal_width
6,0.5,0.6000000000000001,1,1,0,0.5046272873878479,1.0,0.4953727126121521,DEVELOPMENT,M3T,direction_up,raw,equal_width
4,0.30000000000000004,0.4,14,2,12,0.38140346322740826,0.14285714285714285,0.2385463203702654,DEVELOPMENT,M3T,direction_top_label,frozen,equal_width
5,0.4,0.5,151,86,65,0.45422645633583825,0.5695364238410596,0.11530996750522138,DEVELOPMENT,M3T,direction_top_label,frozen,equal_width
6,0.5,0.6000000000000001,79,53,26,0.5332049154028108,0.6708860759493671,0.13768116054655632,DEVELOPMENT,M3T,direction_top_label,frozen,equal_width
7,0.6000000000000001,0.7000000000000001,18,9,9,0.671145518620809,0.5,0.17114551862080896,DEVELOPMENT,M3T,direction_top_label,frozen,equal_width
8,0.7000000000000001,0.8,91,66,25,0.7503473686647939,0.7252747252747253,0.02507264339006865,DEVELOPMENT,M3T,direction_top_label,frozen,equal_width
9,0.8,0.9,31,25,6,0.8120736998896445,0.8064516129032258,0.005622086986418751,DEVELOPMENT,M3T,direction_top_label,frozen,equal_width
1,-inf,0.4304798275232315,39,14,25,0.4068221220603356,0.358974358974359,0.0478477630859766,DEVELOPMENT,M3T,direction_top_label,frozen,adaptive
2,0.4304798275232315,0.44867181181907656,38,26,12,0.43839628602329056,0.6842105263157895,0.24581424029249893,DEVELOPMENT,M3T,direction_top_label,frozen,adaptive
3,0.44867181181907656,0.468521374464035,38,21,17,0.4573568929182856,0.5526315789473685,0.0952746860290829,DEVELOPMENT,M3T,direction_top_label,frozen,adaptive
4,0.468521374464035,0.48910079002380374,39,24,15,0.47696720483975535,0.6153846153846154,0.13841741054486006,DEVELOPMENT,M3T,direction_top_label,frozen,adaptive
5,0.48910079002380374,0.5265099108219147,38,17,21,0.5086182551948648,0.4473684210526316,0.06124983414223323,DEVELOPMENT,M3T,direction_top_label,frozen,adaptive
6,0.5265099108219147,0.549391794204712,38,31,7,0.5372748092601174,0.8157894736842105,0.2785146644240931,DEVELOPMENT,M3T,direction_top_label,frozen,adaptive
7,0.549391794204712,0.705950689315796,39,22,17,0.6359061828026404,0.5641025641025641,0.07180361870007634,DEVELOPMENT,M3T,direction_top_label,frozen,adaptive
8,0.705950689315796,0.7455022096633912,38,29,9,0.7266521187205064,0.7631578947368421,0.036505776016335756,DEVELOPMENT,M3T,direction_top_label,frozen,adaptive
9,0.7455022096633912,0.7943772792816162,38,25,13,0.7730861306190491,0.6578947368421053,0.11519139377694376,DEVELOPMENT,M3T,direction_top_label,frozen,adaptive
10,0.7943772792816162,inf,39,32,7,0.808892581707392,0.8205128205128205,0.011620238805428507,DEVELOPMENT,M3T,direction_top_label,frozen,adaptive
1,-inf,0.1,28,1,27,0.08951878281576293,0.03571428571428571,0.05380449710147722,DEVELOPMENT,M3T,direction_down,frozen,equal_width
2,0.1,0.2,187,15,172,0.14995063877201334,0.08021390374331551,0.06973673502869783,DEVELOPMENT,M3T,direction_down,frozen,equal_width
3,0.2,0.30000000000000004,99,24,75,0.24906192990866574,0.24242424242424243,0.00663768748442331,DEVELOPMENT,M3T,direction_down,frozen,equal_width
4,0.30000000000000004,0.4,60,20,40,0.344765563805898,0.3333333333333333,0.011432230472564697,DEVELOPMENT,M3T,direction_down,frozen,equal_width
5,0.4,0.5,10,6,4,0.4287118375301361,0.6,0.1712881624698639,DEVELOPMENT,M3T,direction_down,frozen,equal_width
4,0.30000000000000004,0.4,27,7,20,0.3713586065504286,0.25925925925925924,0.11209934729116938,DEVELOPMENT,M3T,direction_flat,frozen,equal_width
5,0.4,0.5,139,90,49,0.44984024291415864,0.6474820143884892,0.19764177147433054,DEVELOPMENT,M3T,direction_flat,frozen,equal_width
6,0.5,0.6000000000000001,78,52,26,0.5326981200621679,0.6666666666666666,0.13396854660449875,DEVELOPMENT,M3T,direction_flat,frozen,equal_width
7,0.6000000000000001,0.7000000000000001,18,9,9,0.671145518620809,0.5,0.17114551862080896,DEVELOPMENT,M3T,direction_flat,frozen,equal_width
8,0.7000000000000001,0.8,91,66,25,0.7503473686647939,0.7252747252747253,0.02507264339006865,DEVELOPMENT,M3T,direction_flat,frozen,equal_width
9,0.8,0.9,31,25,6,0.8120736998896445,0.8064516129032258,0.005622086986418751,DEVELOPMENT,M3T,direction_flat,frozen,equal_width
1,-inf,0.1,59,8,51,0.08458644884117579,0.13559322033898305,0.05100677149780726,DEVELOPMENT,M3T,direction_up,frozen,equal_width
2,0.1,0.2,150,16,134,0.14408467267950376,0.10666666666666667,0.03741800601283708,DEVELOPMENT,M3T,direction_up,frozen,equal_width
3,0.2,0.30000000000000004,76,12,64,0.25386702877126244,0.15789473684210525,0.09597229192915718,DEVELOPMENT,M3T,direction_up,frozen,equal_width
4,0.30000000000000004,0.4,60,22,38,0.3494958564639091,0.36666666666666664,0.017170810202757514,DEVELOPMENT,M3T,direction_up,frozen,equal_width
5,0.4,0.5,38,10,28,0.44056306622530284,0.2631578947368421,0.17740517148846074,DEVELOPMENT,M3T,direction_up,frozen,equal_width
6,0.5,0.6000000000000001,1,1,0,0.5727349519729614,1.0,0.4272650480270386,DEVELOPMENT,M3T,direction_up,frozen,equal_width
2,0.1,0.2,62,5,57,0.17233123750455917,0.08064516129032258,0.09168607621423659,DEVELOPMENT,M3T,bid_fill,raw,equal_width
3,0.2,0.30000000000000004,114,16,98,0.24488508609826104,0.14035087719298245,0.10453420890527859,DEVELOPMENT,M3T,bid_fill,raw,equal_width
4,0.30000000000000004,0.4,62,33,29,0.33567452142315524,0.532258064516129,0.19658354309297377,DEVELOPMENT,M3T,bid_fill,raw,equal_width
5,0.4,0.5,5,4,1,0.4194335758686066,0.8,0.38056642413139347,DEVELOPMENT,M3T,bid_fill,raw,equal_width
1,-inf,0.16430914700031282,25,2,23,0.1540547102689743,0.08,0.0740547102689743,DEVELOPMENT,M3T,bid_fill,raw,adaptive
2,0.16430914700031282,0.19024697840213775,24,3,21,0.17898015740017095,0.125,0.05398015740017095,DEVELOPMENT,M3T,bid_fill,raw,adaptive
3,0.19024697840213775,0.20697976052761077,24,1,23,0.19931236344079176,0.041666666666666664,0.1576456967741251,DEVELOPMENT,M3T,bid_fill,raw,adaptive
4,0.20697976052761077,0.22642531394958496,24,1,23,0.21605369821190834,0.041666666666666664,0.17438703154524168,DEVELOPMENT,M3T,bid_fill,raw,adaptive
5,0.22642531394958496,0.24434977769851685,25,2,23,0.23603740572929383,0.08,0.1560374057292938,DEVELOPMENT,M3T,bid_fill,raw,adaptive
6,0.24434977769851685,0.2631398499011993,24,5,19,0.25534529363115627,0.20833333333333334,0.047011960297822925,DEVELOPMENT,M3T,bid_fill,raw,adaptive
7,0.2631398499011993,0.29263572096824647,24,5,19,0.27851690351963043,0.20833333333333334,0.07018357018629709,DEVELOPMENT,M3T,bid_fill,raw,adaptive
8,0.29263572096824647,0.32017681598663333,24,9,15,0.3049875957270463,0.375,0.07001240427295369,DEVELOPMENT,M3T,bid_fill,raw,adaptive
9,0.32017681598663333,0.3521001935005188,24,13,11,0.3317878569165866,0.5416666666666666,0.20987880975008005,DEVELOPMENT,M3T,bid_fill,raw,adaptive
10,0.3521001935005188,inf,25,17,8,0.37594035983085633,0.68,0.3040596401691437,DEVELOPMENT,M3T,bid_fill,raw,adaptive
1,-inf,0.1,52,5,47,0.06541402358561754,0.09615384615384616,0.030739822568228617,DEVELOPMENT,M3T,bid_fill,frozen,equal_width
2,0.1,0.2,59,4,55,0.14603330106553386,0.06779661016949153,0.07823669089604234,DEVELOPMENT,M3T,bid_fill,frozen,equal_width
3,0.2,0.30000000000000004,42,7,35,0.24861652581464677,0.16666666666666666,0.08194985914798011,DEVELOPMENT,M3T,bid_fill,frozen,equal_width
4,0.30000000000000004,0.4,23,5,18,0.35237105644267536,0.21739130434782608,0.13497975209484928,DEVELOPMENT,M3T,bid_fill,frozen,equal_width
5,0.4,0.5,28,14,14,0.44758880670581547,0.5,0.05241119329418453,DEVELOPMENT,M3T,bid_fill,frozen,equal_width
6,0.5,0.6000000000000001,24,12,12,0.5516709114114443,0.5,0.05167091141144431,DEVELOPMENT,M3T,bid_fill,frozen,equal_width
7,0.6000000000000001,0.7000000000000001,9,6,3,0.6400015221701728,0.6666666666666666,0.02666514449649382,DEVELOPMENT,M3T,bid_fill,frozen,equal_width
8,0.7000000000000001,0.8,6,5,1,0.7550541261831919,0.8333333333333334,0.07827920715014147,DEVELOPMENT,M3T,bid_fill,frozen,equal_width
1,-inf,0.05900281667709351,25,2,23,0.04780280500650406,0.08,0.032197194993495944,DEVELOPMENT,M3T,bid_fill,frozen,adaptive
2,0.05900281667709351,0.09709789454936982,24,3,21,0.07959603533769648,0.125,0.04540396466230352,DEVELOPMENT,M3T,bid_fill,frozen,adaptive
3,0.09709789454936982,0.12883464992046356,24,1,23,0.1138396617025137,0.041666666666666664,0.07217299503584704,DEVELOPMENT,M3T,bid_fill,frozen,adaptive
4,0.12883464992046356,0.17305996716022493,24,1,23,0.14873457637925944,0.041666666666666664,0.10706790971259278,DEVELOPMENT,M3T,bid_fill,frozen,adaptive
5,0.17305996716022493,0.22057870030403137,25,2,23,0.19806199610233308,0.08,0.11806199610233307,DEVELOPMENT,M3T,bid_fill,frozen,adaptive
6,0.22057870030403137,0.2765579164028168,24,5,19,0.25287966926892597,0.20833333333333334,0.044546335935592624,DEVELOPMENT,M3T,bid_fill,frozen,adaptive
7,0.2765579164028168,0.3737842559814453,24,5,19,0.32655569290121395,0.20833333333333334,0.1182223595678806,DEVELOPMENT,M3T,bid_fill,frozen,adaptive
8,0.3737842559814453,0.46922410726547253,24,9,15,0.41649046167731285,0.375,0.04149046167731285,DEVELOPMENT,M3T,bid_fill,frozen,adaptive
9,0.46922410726547253,0.5769680261611939,24,13,11,0.5089842726786932,0.5416666666666666,0.03268239398797346,DEVELOPMENT,M3T,bid_fill,frozen,adaptive
10,0.5769680261611939,inf,25,17,8,0.6460120153427124,0.68,0.033987984657287695,DEVELOPMENT,M3T,bid_fill,frozen,adaptive
2,0.1,0.2,4,0,4,0.19569307565689087,0.0,0.19569307565689087,DEVELOPMENT,M3T,ask_fill,raw,equal_width
3,0.2,0.30000000000000004,92,10,82,0.2546341974774133,0.10869565217391304,0.14593854530350026,DEVELOPMENT,M3T,ask_fill,raw,equal_width
4,0.30000000000000004,0.4,117,43,74,0.3515433297198043,0.36752136752136755,0.01597803780156326,DEVELOPMENT,M3T,ask_fill,raw,equal_width
5,0.4,0.5,30,23,7,0.4212215413649877,0.7666666666666667,0.34544512530167903,DEVELOPMENT,M3T,ask_fill,raw,equal_width
1,-inf,0.23312554359436036,25,1,24,0.21759286701679229,0.04,0.17759286701679228,DEVELOPMENT,M3T,ask_fill,raw,adaptive
2,0.23312554359436036,0.2541117787361145,24,1,23,0.24458235005537668,0.041666666666666664,0.20291568338871002,DEVELOPMENT,M3T,ask_fill,raw,adaptive
3,0.2541117787361145,0.2733652412891388,24,3,21,0.26379383603731793,0.125,0.13879383603731793,DEVELOPMENT,M3T,ask_fill,raw,adaptive
4,0.2733652412891388,0.30244842171669006,24,5,19,0.2862587148944537,0.20833333333333334,0.07792538156112036,DEVELOPMENT,M3T,ask_fill,raw,adaptive
5,0.30244842171669006,0.32908621430397034,25,5,20,0.3151609444618225,0.2,0.11516094446182251,DEVELOPMENT,M3T,ask_fill,raw,adaptive
6,0.32908621430397034,0.3458159923553467,24,4,20,0.3365182566146056,0.16666666666666666,0.16985158994793895,DEVELOPMENT,M3T,ask_fill,raw,adaptive
7,0.3458159923553467,0.36418246030807494,24,12,12,0.3547907844185829,0.5,0.14520921558141708,DEVELOPMENT,M3T,ask_fill,raw,adaptive
8,0.36418246030807494,0.38426279425621035,24,10,14,0.37139015023907024,0.4166666666666667,0.04527651642759645,DEVELOPMENT,M3T,ask_fill,raw,adaptive
9,0.38426279425621035,0.407121342420578,24,16,8,0.39441971480846405,0.6666666666666666,0.2722469518582026,DEVELOPMENT,M3T,ask_fill,raw,adaptive
10,0.407121342420578,inf,25,19,6,0.4246159052848816,0.76,0.33538409471511843,DEVELOPMENT,M3T,ask_fill,raw,adaptive
1,-inf,0.1,6,0,6,0.09102350225051244,0.0,0.09102350225051244,DEVELOPMENT,M3T,ask_fill,frozen,equal_width
2,0.1,0.2,72,5,67,0.1558364766339461,0.06944444444444445,0.08639203218950164,DEVELOPMENT,M3T,ask_fill,frozen,equal_width
3,0.2,0.30000000000000004,46,11,35,0.25235367177621176,0.2391304347826087,0.01322323699360306,DEVELOPMENT,M3T,ask_fill,frozen,equal_width
4,0.30000000000000004,0.4,66,24,42,0.34825433339133405,0.36363636363636365,0.015382030245029599,DEVELOPMENT,M3T,ask_fill,frozen,equal_width
5,0.4,0.5,42,28,14,0.4471797936019443,0.6666666666666666,0.2194868730647223,DEVELOPMENT,M3T,ask_fill,frozen,equal_width
6,0.5,0.6000000000000001,11,8,3,0.5321108482100747,0.7272727272727273,0.1951618790626526,DEVELOPMENT,M3T,ask_fill,frozen,equal_width
1,-inf,0.13398375809192659,25,1,24,0.11431952178478241,0.04,0.0743195217847824,DEVELOPMENT,M3T,ask_fill,frozen,adaptive
2,0.13398375809192659,0.16443628668785096,24,1,23,0.15035218745470047,0.041666666666666664,0.10868552078803381,DEVELOPMENT,M3T,ask_fill,frozen,adaptive
3,0.16443628668785096,0.19526702463626863,24,3,21,0.1797384557624658,0.125,0.054738455762465804,DEVELOPMENT,M3T,ask_fill,frozen,adaptive
4,0.19526702463626863,0.246677565574646,24,5,19,0.21761959853271642,0.20833333333333334,0.009286265199383081,DEVELOPMENT,M3T,ask_fill,frozen,adaptive
5,0.246677565574646,0.2981835901737213,25,5,20,0.270994930267334,0.2,0.070994930267334,DEVELOPMENT,M3T,ask_fill,frozen,adaptive
6,0.2981835901737213,0.3322701990604401,24,4,20,0.3132466599345207,0.16666666666666666,0.14657999326785406,DEVELOPMENT,M3T,ask_fill,frozen,adaptive
7,0.3322701990604401,0.3708588242530823,24,12,12,0.35104088485240936,0.5,0.14895911514759064,DEVELOPMENT,M3T,ask_fill,frozen,adaptive
8,0.3708588242530823,0.4140031635761261,24,10,14,0.3862854167819023,0.4166666666666667,0.030381249884764372,DEVELOPMENT,M3T,ask_fill,frozen,adaptive
9,0.4140031635761261,0.46367806196212774,24,16,8,0.4360569814840953,0.6666666666666666,0.23060968518257136,DEVELOPMENT,M3T,ask_fill,frozen,adaptive
10,0.46367806196212774,inf,25,19,6,0.5014866864681244,0.76,0.25851331353187557,DEVELOPMENT,M3T,ask_fill,frozen,adaptive
4,0.30000000000000004,0.4,3,2,1,0.37297460436820984,0.6666666666666666,0.2936920622984568,DEVELOPMENT,XGBOOST,direction_top_label,frozen,equal_width
5,0.4,0.5,50,20,30,0.4674354565143585,0.4,0.0674354565143585,DEVELOPMENT,XGBOOST,direction_top_label,frozen,equal_width
6,0.5,0.6000000000000001,87,47,40,0.5476960163006838,0.5402298850574713,0.007466131243212493,DEVELOPMENT,XGBOOST,direction_top_label,frozen,equal_width
7,0.6000000000000001,0.7000000000000001,111,73,38,0.6503230140015885,0.6576576576576577,0.007334643656069173,DEVELOPMENT,XGBOOST,direction_top_label,frozen,equal_width
8,0.7000000000000001,0.8,84,64,20,0.748675273287864,0.7619047619047619,0.013229488616897878,DEVELOPMENT,XGBOOST,direction_top_label,frozen,equal_width
9,0.8,0.9,49,41,8,0.8330116198987377,0.8367346938775511,0.0037230739788133294,DEVELOPMENT,XGBOOST,direction_top_label,frozen,equal_width
1,-inf,0.48783439993858335,39,14,25,0.4511980911095937,0.358974358974359,0.09222373213523472,DEVELOPMENT,XGBOOST,direction_top_label,frozen,adaptive
2,0.48783439993858335,0.5212443113327027,38,23,15,0.503020250483563,0.6052631578947368,0.10224290741117381,DEVELOPMENT,XGBOOST,direction_top_label,frozen,adaptive
3,0.5212443113327027,0.5693047881126404,38,22,16,0.5480134251870608,0.5789473684210527,0.0309339432339919,DEVELOPMENT,XGBOOST,direction_top_label,frozen,adaptive
4,0.5693047881126404,0.613405990600586,39,17,22,0.592351882885664,0.4358974358974359,0.15645444698822808,DEVELOPMENT,XGBOOST,direction_top_label,frozen,adaptive
5,0.613405990600586,0.644514411687851,38,21,17,0.6281743849578657,0.5526315789473685,0.07554280601049723,DEVELOPMENT,XGBOOST,direction_top_label,frozen,adaptive
6,0.644514411687851,0.683347487449646,38,27,11,0.6655599427850623,0.7105263157894737,0.04496637300441142,DEVELOPMENT,XGBOOST,direction_top_label,frozen,adaptive
7,0.683347487449646,0.7220994710922242,39,34,5,0.7003377079963684,0.8717948717948718,0.1714571637985034,DEVELOPMENT,XGBOOST,direction_top_label,frozen,adaptive
8,0.7220994710922242,0.7606376767158509,38,28,10,0.742101335211804,0.7368421052631579,0.005259229948646138,DEVELOPMENT,XGBOOST,direction_top_label,frozen,adaptive
9,0.7606376767158509,0.810308986902237,38,27,11,0.788352928663555,0.7105263157894737,0.07782661287408132,DEVELOPMENT,XGBOOST,direction_top_label,frozen,adaptive
10,0.810308986902237,inf,39,34,5,0.8400597740442325,0.8717948717948718,0.03173509775063932,DEVELOPMENT,XGBOOST,direction_top_label,frozen,adaptive
1,-inf,0.1,74,1,73,0.08014098293072469,0.013513513513513514,0.06662746941721118,DEVELOPMENT,XGBOOST,direction_down,frozen,equal_width
2,0.1,0.2,91,7,84,0.14541073503730062,0.07692307692307693,0.06848765811422369,DEVELOPMENT,XGBOOST,direction_down,frozen,equal_width
3,0.2,0.30000000000000004,81,12,69,0.24994065824114245,0.14814814814814814,0.10179251009299431,DEVELOPMENT,XGBOOST,direction_down,frozen,equal_width
4,0.30000000000000004,0.4,49,17,32,0.3462307495730264,0.3469387755102041,0.0007080259371776698,DEVELOPMENT,XGBOOST,direction_down,frozen,equal_width
5,0.4,0.5,50,12,38,0.4503198045492172,0.24,0.21031980454921723,DEVELOPMENT,XGBOOST,direction_down,frozen,equal_width
6,0.5,0.6000000000000001,15,4,11,0.5478405753771464,0.26666666666666666,0.2811739087104797,DEVELOPMENT,XGBOOST,direction_down,frozen,equal_width
7,0.6000000000000001,0.7000000000000001,12,8,4,0.6396339436372122,0.6666666666666666,0.027032723029454475,DEVELOPMENT,XGBOOST,direction_down,frozen,equal_width
8,0.7000000000000001,0.8,5,2,3,0.7531643152236939,0.4,0.35316431522369385,DEVELOPMENT,XGBOOST,direction_down,frozen,equal_width
9,0.8,0.9,7,3,4,0.8214491265160697,0.42857142857142855,0.39287769794464117,DEVELOPMENT,XGBOOST,direction_down,frozen,equal_width
1,-inf,0.1,17,0,17,0.0574856137528139,0.0,0.0574856137528139,DEVELOPMENT,XGBOOST,direction_flat,frozen,equal_width
2,0.1,0.2,5,1,4,0.1563280314207077,0.2,0.043671968579292314,DEVELOPMENT,XGBOOST,direction_flat,frozen,equal_width
3,0.2,0.30000000000000004,3,2,1,0.2719846268494924,0.6666666666666666,0.39468203981717426,DEVELOPMENT,XGBOOST,direction_flat,frozen,equal_width
4,0.30000000000000004,0.4,28,14,14,0.3545867992298944,0.5,0.1454132007701056,DEVELOPMENT,XGBOOST,direction_flat,frozen,equal_width
5,0.4,0.5,42,26,16,0.45854312110514867,0.6190476190476191,0.1605044979424704,DEVELOPMENT,XGBOOST,direction_flat,frozen,equal_width
6,0.5,0.6000000000000001,71,42,29,0.547064871015683,0.5915492957746479,0.04448442475896486,DEVELOPMENT,XGBOOST,direction_flat,frozen,equal_width
7,0.6000000000000001,0.7000000000000001,97,64,33,0.6519817931135905,0.6597938144329897,0.007812021319399176,DEVELOPMENT,XGBOOST,direction_flat,frozen,equal_width
8,0.7000000000000001,0.8,79,62,17,0.7483911567096468,0.7848101265822784,0.0364189698726316,DEVELOPMENT,XGBOOST,direction_flat,frozen,equal_width
9,0.8,0.9,42,38,4,0.8349387021291823,0.9047619047619048,0.06982320263272246,DEVELOPMENT,XGBOOST,direction_flat,frozen,equal_width
1,-inf,0.1,190,18,172,0.05278366163961197,0.09473684210526316,0.04195318046565119,DEVELOPMENT,XGBOOST,direction_up,frozen,equal_width
2,0.1,0.2,110,21,89,0.14170574417168444,0.19090909090909092,0.04920334673740648,DEVELOPMENT,XGBOOST,direction_up,frozen,equal_width
3,0.2,0.30000000000000004,45,15,30,0.23735479712486268,0.3333333333333333,0.09597853620847063,DEVELOPMENT,XGBOOST,direction_up,frozen,equal_width
4,0.30000000000000004,0.4,25,9,16,0.3443546652793884,0.36,0.01564533472061158,DEVELOPMENT,XGBOOST,direction_up,frozen,equal_width
5,0.4,0.5,11,4,7,0.44550448114221747,0.36363636363636365,0.08186811750585382,DEVELOPMENT,XGBOOST,direction_up,frozen,equal_width
6,0.5,0.6000000000000001,1,1,0,0.590338945388794,1.0,0.40966105461120605,DEVELOPMENT,XGBOOST,direction_up,frozen,equal_width
7,0.6000000000000001,0.7000000000000001,2,1,1,0.6340066492557526,0.5,0.13400664925575256,DEVELOPMENT,XGBOOST,direction_up,frozen,equal_width
1,-inf,0.1,89,6,83,0.06315433457912353,0.06741573033707865,0.0042613957579551165,DEVELOPMENT,XGBOOST,bid_fill,frozen,equal_width
2,0.1,0.2,68,8,60,0.14331765615326517,0.11764705882352941,0.025670597329735756,DEVELOPMENT,XGBOOST,bid_fill,frozen,equal_width
3,0.2,0.30000000000000004,19,6,13,0.2474084308272914,0.3157894736842105,0.06838104285691912,DEVELOPMENT,XGBOOST,bid_fill,frozen,equal_width
4,0.30000000000000004,0.4,20,8,12,0.3456977143883705,0.4,0.05430228561162953,DEVELOPMENT,XGBOOST,bid_fill,frozen,equal_width
5,0.4,0.5,14,9,5,0.46330240794590544,0.6428571428571429,0.17955473491123747,DEVELOPMENT,XGBOOST,bid_fill,frozen,equal_width
6,0.5,0.6000000000000001,11,5,6,0.54555974223397,0.45454545454545453,0.09101428768851544,DEVELOPMENT,XGBOOST,bid_fill,frozen,equal_width
7,0.6000000000000001,0.7000000000000001,9,7,2,0.6335383057594299,0.7777777777777778,0.14423947201834786,DEVELOPMENT,XGBOOST,bid_fill,frozen,equal_width
8,0.7000000000000001,0.8,11,8,3,0.7530663772062822,0.7272727272727273,0.02579364993355493,DEVELOPMENT,XGBOOST,bid_fill,frozen,equal_width
9,0.8,0.9,2,1,1,0.8377649784088135,0.5,0.3377649784088135,DEVELOPMENT,XGBOOST,bid_fill,frozen,equal_width
1,-inf,0.050015782564878465,25,1,24,0.039500021412968635,0.04,0.0004999785870313661,DEVELOPMENT,XGBOOST,bid_fill,frozen,adaptive
2,0.050015782564878465,0.06309503912925721,24,1,23,0.057329457408438124,0.041666666666666664,0.01566279074177146,DEVELOPMENT,XGBOOST,bid_fill,frozen,adaptive
3,0.06309503912925721,0.08559425324201585,24,2,22,0.07423499474922816,0.08333333333333333,0.009098338584105164,DEVELOPMENT,XGBOOST,bid_fill,frozen,adaptive
4,0.08559425324201585,0.1091516062617302,24,2,22,0.09632505538562934,0.08333333333333333,0.012991722052296012,DEVELOPMENT,XGBOOST,bid_fill,frozen,adaptive
5,0.1091516062617302,0.1435437798500061,25,3,22,0.12589866638183594,0.12,0.005898666381835949,DEVELOPMENT,XGBOOST,bid_fill,frozen,adaptive
6,0.1435437798500061,0.1719668447971344,24,2,22,0.1558737481633822,0.08333333333333333,0.07254041483004887,DEVELOPMENT,XGBOOST,bid_fill,frozen,adaptive
7,0.1719668447971344,0.265167760848999,24,5,19,0.20874465691546598,0.20833333333333334,0.00041132358213263887,DEVELOPMENT,XGBOOST,bid_fill,frozen,adaptive
8,0.265167760848999,0.38792825937271136,24,11,13,0.3268464294572671,0.4583333333333333,0.1314869038760662,DEVELOPMENT,XGBOOST,bid_fill,frozen,adaptive
9,0.38792825937271136,0.5646815657615661,24,13,11,0.48095572367310524,0.5416666666666666,0.06071094299356139,DEVELOPMENT,XGBOOST,bid_fill,frozen,adaptive
10,0.5646815657615661,inf,25,18,7,0.6954855132102966,0.72,0.02451448678970336,DEVELOPMENT,XGBOOST,bid_fill,frozen,adaptive
1,-inf,0.1,47,5,42,0.0668072956118812,0.10638297872340426,0.039575683111523055,DEVELOPMENT,XGBOOST,ask_fill,frozen,equal_width
2,0.1,0.2,64,10,54,0.14759319182485342,0.15625,0.00865680817514658,DEVELOPMENT,XGBOOST,ask_fill,frozen,equal_width
3,0.2,0.30000000000000004,42,12,30,0.2470599544190225,0.2857142857142857,0.03865433129526319,DEVELOPMENT,XGBOOST,ask_fill,frozen,equal_width
4,0.30000000000000004,0.4,36,17,19,0.3390288833114836,0.4722222222222222,0.1331933389107386,DEVELOPMENT,XGBOOST,ask_fill,frozen,equal_width
5,0.4,0.5,17,7,10,0.449898816206876,0.4117647058823529,0.038134110324523074,DEVELOPMENT,XGBOOST,ask_fill,frozen,equal_width
6,0.5,0.6000000000000001,23,15,8,0.554086711095727,0.6521739130434783,0.09808720194775122,DEVELOPMENT,XGBOOST,ask_fill,frozen,equal_width
7,0.6000000000000001,0.7000000000000001,9,9,0,0.65033577548133,1.0,0.34966422451866996,DEVELOPMENT,XGBOOST,ask_fill,frozen,equal_width
8,0.7000000000000001,0.8,5,1,4,0.739742887020111,0.2,0.5397428870201111,DEVELOPMENT,XGBOOST,ask_fill,frozen,equal_width
1,-inf,0.07338571846485138,25,2,23,0.05014561153948307,0.08,0.029854388460516933,DEVELOPMENT,XGBOOST,ask_fill,frozen,adaptive
2,0.07338571846485138,0.1014584243297577,24,3,21,0.08698290400207043,0.125,0.03801709599792957,DEVELOPMENT,XGBOOST,ask_fill,frozen,adaptive
3,0.1014584243297577,0.1434624433517456,24,3,21,0.120282926907142,0.125,0.004717073092858001,DEVELOPMENT,XGBOOST,ask_fill,frozen,adaptive
4,0.1434624433517456,0.17353495359420779,24,5,19,0.1570679054905971,0.20833333333333334,0.051265427842736244,DEVELOPMENT,XGBOOST,ask_fill,frozen,adaptive
5,0.17353495359420779,0.21754427254199982,25,3,22,0.19546513736248017,0.12,0.07546513736248017,DEVELOPMENT,XGBOOST,ask_fill,frozen,adaptive
6,0.21754427254199982,0.28510700464248656,24,9,15,0.2521346726765235,0.375,0.12286532732347649,DEVELOPMENT,XGBOOST,ask_fill,frozen,adaptive
7,0.28510700464248656,0.32995981574058536,24,8,16,0.30879242966572445,0.3333333333333333,0.02454090366760886,DEVELOPMENT,XGBOOST,ask_fill,frozen,adaptive
8,0.32995981574058536,0.4289386868476869,24,13,11,0.3699098813037078,0.5416666666666666,0.17175678536295885,DEVELOPMENT,XGBOOST,ask_fill,frozen,adaptive
9,0.4289386868476869,0.5613349080085756,24,14,10,0.5001327122251192,0.5833333333333334,0.08320062110821413,DEVELOPMENT,XGBOOST,ask_fill,frozen,adaptive
10,0.5613349080085756,inf,25,16,9,0.6353569841384887,0.64,0.004643015861511279,DEVELOPMENT,XGBOOST,ask_fill,frozen,adaptive
4,0.30000000000000004,0.4,144,48,96,0.37812112478746307,0.3333333333333333,0.044787791454129755,FINAL_POSTHOC_ONLY,M3T,direction_top_label,raw,equal_width
5,0.4,0.5,576,177,399,0.4543380507061051,0.3072916666666667,0.14704638403943843,FINAL_POSTHOC_ONLY,M3T,direction_top_label,raw,equal_width
6,0.5,0.6000000000000001,690,224,466,0.5475669998189677,0.32463768115942027,0.22292931865954746,FINAL_POSTHOC_ONLY,M3T,direction_top_label,raw,equal_width
7,0.6000000000000001,0.7000000000000001,620,202,418,0.6471249557310536,0.3258064516129032,0.3213185041181503,FINAL_POSTHOC_ONLY,M3T,direction_top_label,raw,equal_width
8,0.7000000000000001,0.8,457,148,309,0.7447845432377488,0.3238512035010941,0.4209333397366547,FINAL_POSTHOC_ONLY,M3T,direction_top_label,raw,equal_width
9,0.8,0.9,326,106,220,0.8474032725293212,0.32515337423312884,0.5222498982961924,FINAL_POSTHOC_ONLY,M3T,direction_top_label,raw,equal_width
10,0.9,inf,394,114,280,0.9578420246447878,0.2893401015228426,0.6685019231219452,FINAL_POSTHOC_ONLY,M3T,direction_top_label,raw,equal_width
1,-inf,0.43744651675224305,321,108,213,0.40136718369347285,0.3364485981308411,0.06491858556263175,FINAL_POSTHOC_ONLY,M3T,direction_top_label,raw,adaptive
2,0.43744651675224305,0.48902897238731385,321,90,231,0.463335114476094,0.2803738317757009,0.18296128270039308,FINAL_POSTHOC_ONLY,M3T,direction_top_label,raw,adaptive
3,0.48902897238731385,0.5303253173828125,320,108,212,0.5099102696403861,0.3375,0.17241026964038608,FINAL_POSTHOC_ONLY,M3T,direction_top_label,raw,adaptive
4,0.5303253173828125,0.5801728129386902,321,101,220,0.5551713214856442,0.3146417445482866,0.2405295769373576,FINAL_POSTHOC_ONLY,M3T,direction_top_label,raw,adaptive
5,0.5801728129386902,0.6268260478973389,321,105,216,0.6045345524761164,0.32710280373831774,0.2774317487377987,FINAL_POSTHOC_ONLY,M3T,direction_top_label,raw,adaptive
6,0.6268260478973389,0.6804024934768677,320,100,220,0.653287087380886,0.3125,0.34078708738088603,FINAL_POSTHOC_ONLY,M3T,direction_top_label,raw,adaptive
7,0.6804024934768677,0.7402717351913453,321,106,215,0.7094687838049322,0.3302180685358255,0.37925071526910664,FINAL_POSTHOC_ONLY,M3T,direction_top_label,raw,adaptive
8,0.7402717351913453,0.8219118595123291,320,104,216,0.7779640465974808,0.325,0.45296404659748074,FINAL_POSTHOC_ONLY,M3T,direction_top_label,raw,adaptive
9,0.8219118595123291,0.9224955916404725,321,102,219,0.8711512656969445,0.3177570093457944,0.55339425635115,FINAL_POSTHOC_ONLY,M3T,direction_top_label,raw,adaptive
10,0.9224955916404725,inf,321,95,226,0.96825829942819,0.29595015576323985,0.6723081436649501,FINAL_POSTHOC_ONLY,M3T,direction_top_label,raw,adaptive
1,-inf,0.1,125,55,70,0.0194604795921609,0.44,0.4205395204078391,FINAL_POSTHOC_ONLY,M3T,direction_down,raw,equal_width
2,0.1,0.2,92,31,61,0.16181675053161124,0.33695652173913043,0.1751397712075192,FINAL_POSTHOC_ONLY,M3T,direction_down,raw,equal_width
3,0.2,0.30000000000000004,187,74,113,0.2580955608643313,0.39572192513368987,0.1376263642693586,FINAL_POSTHOC_ONLY,M3T,direction_down,raw,equal_width
4,0.30000000000000004,0.4,321,119,202,0.352275959892065,0.3707165109034268,0.018440551011361772,FINAL_POSTHOC_ONLY,M3T,direction_down,raw,equal_width
5,0.4,0.5,405,140,265,0.4534895853495892,0.345679012345679,0.10781057300391023,FINAL_POSTHOC_ONLY,M3T,direction_down,raw,equal_width
6,0.5,0.6000000000000001,506,166,340,0.5508671140246711,0.32806324110671936,0.22280387291795178,FINAL_POSTHOC_ONLY,M3T,direction_down,raw,equal_width
7,0.6000000000000001,0.7000000000000001,543,174,369,0.6479113871440922,0.32044198895027626,0.327469398193816,FINAL_POSTHOC_ONLY,M3T,direction_down,raw,equal_width
8,0.7000000000000001,0.8,425,132,293,0.7447394868906807,0.31058823529411766,0.43415125159656304,FINAL_POSTHOC_ONLY,M3T,direction_down,raw,equal_width
9,0.8,0.9,303,97,206,0.8463327375182225,0.3201320132013201,0.5262007243169023,FINAL_POSTHOC_ONLY,M3T,direction_down,raw,equal_width
10,0.9,inf,300,76,224,0.9518140237817282,0.25333333333333335,0.6984806904483949,FINAL_POSTHOC_ONLY,M3T,direction_down,raw,equal_width
1,-inf,0.1,519,172,347,0.042901283205110045,0.33140655105973027,0.2885052678546202,FINAL_POSTHOC_ONLY,M3T,direction_flat,raw,equal_width
2,0.1,0.2,566,190,376,0.15500422806706107,0.33568904593639576,0.18068481786933469,FINAL_POSTHOC_ONLY,M3T,direction_flat,raw,equal_width
3,0.2,0.30000000000000004,851,253,598,0.25008424540454155,0.2972972972972973,0.047213051892755764,FINAL_POSTHOC_ONLY,M3T,direction_flat,raw,equal_width
4,0.30000000000000004,0.4,675,182,493,0.3457931986561528,0.2696296296296296,0.07616356902652321,FINAL_POSTHOC_ONLY,M3T,direction_flat,raw,equal_width
5,0.4,0.5,368,96,272,0.44317459412243054,0.2608695652173913,0.18230502890503925,FINAL_POSTHOC_ONLY,M3T,direction_flat,raw,equal_width
6,0.5,0.6000000000000001,148,40,108,0.5368909006183212,0.2702702702702703,0.26662063034805095,FINAL_POSTHOC_ONLY,M3T,direction_flat,raw,equal_width
7,0.6000000000000001,0.7000000000000001,58,23,35,0.6409664215712711,0.39655172413793105,0.2444146974333401,FINAL_POSTHOC_ONLY,M3T,direction_flat,raw,equal_width
8,0.7000000000000001,0.8,15,9,6,0.7465253035227458,0.6,0.14652530352274584,FINAL_POSTHOC_ONLY,M3T,direction_flat,raw,equal_width
9,0.8,0.9,6,4,2,0.8544682860374451,0.6666666666666666,0.18780161937077844,FINAL_POSTHOC_ONLY,M3T,direction_flat,raw,equal_width
10,0.9,inf,1,1,0,0.90212482213974,1.0,0.09787517786026001,FINAL_POSTHOC_ONLY,M3T,direction_flat,raw,equal_width
1,-inf,0.1,1642,532,1110,0.039522818765943483,0.32399512789281365,0.28447230912687016,FINAL_POSTHOC_ONLY,M3T,direction_up,raw,equal_width
2,0.1,0.2,782,321,461,0.14576214138427965,0.41048593350383633,0.26472379211955666,FINAL_POSTHOC_ONLY,M3T,direction_up,raw,equal_width
3,0.2,0.30000000000000004,382,154,228,0.24213476287912947,0.4031413612565445,0.16100659837741502,FINAL_POSTHOC_ONLY,M3T,direction_up,raw,equal_width
4,0.30000000000000004,0.4,162,68,94,0.34431658335673954,0.41975308641975306,0.07543650306301353,FINAL_POSTHOC_ONLY,M3T,direction_up,raw,equal_width
5,0.4,0.5,57,26,31,0.4411993413640742,0.45614035087719296,0.014941009513118775,FINAL_POSTHOC_ONLY,M3T,direction_up,raw,equal_width
6,0.5,0.6000000000000001,36,18,18,0.5450726913081275,0.5,0.04507269130812752,FINAL_POSTHOC_ONLY,M3T,direction_up,raw,equal_width
7,0.6000000000000001,0.7000000000000001,19,5,14,0.6434493096251237,0.2631578947368421,0.3802914148882816,FINAL_POSTHOC_ONLY,M3T,direction_up,raw,equal_width
8,0.7000000000000001,0.8,17,7,10,0.7443749869571012,0.4117647058823529,0.3326102810747483,FINAL_POSTHOC_ONLY,M3T,direction_up,raw,equal_width
9,0.8,0.9,17,5,12,0.8639904506066266,0.29411764705882354,0.5698728035478031,FINAL_POSTHOC_ONLY,M3T,direction_up,raw,equal_width
10,0.9,inf,93,37,56,0.9778862984235291,0.3978494623655914,0.5800368360579378,FINAL_POSTHOC_ONLY,M3T,direction_up,raw,equal_width
4,0.30000000000000004,0.4,62,17,45,0.3759514569274841,0.27419354838709675,0.10175790854038735,FINAL_POSTHOC_ONLY,M3T,direction_top_label,frozen,equal_width
5,0.4,0.5,369,116,253,0.4573229527893428,0.3143631436314363,0.14295980915790651,FINAL_POSTHOC_ONLY,M3T,direction_top_label,frozen,equal_width
6,0.5,0.6000000000000001,528,170,358,0.5508442462393732,0.32196969696969696,0.22887454926967626,FINAL_POSTHOC_ONLY,M3T,direction_top_label,frozen,equal_width
7,0.6000000000000001,0.7000000000000001,490,155,335,0.6512888336668209,0.3163265306122449,0.33496230305457597,FINAL_POSTHOC_ONLY,M3T,direction_top_label,frozen,equal_width
8,0.7000000000000001,0.8,537,178,359,0.7490012451479111,0.33147113594040967,0.41753010920750144,FINAL_POSTHOC_ONLY,M3T,direction_top_label,frozen,equal_width
9,0.8,0.9,488,158,330,0.847649308868119,0.3237704918032787,0.5238788170648403,FINAL_POSTHOC_ONLY,M3T,direction_top_label,frozen,equal_width
10,0.9,inf,733,225,508,0.9639913361787544,0.3069577080491132,0.6570336281296412,FINAL_POSTHOC_ONLY,M3T,direction_top_label,frozen,equal_width
1,-inf,0.4805672109127045,321,106,215,0.43046497453781674,0.3302180685358255,0.10024690600199121,FINAL_POSTHOC_ONLY,M3T,direction_top_label,frozen,adaptive
2,0.4805672109127045,0.5408350467681885,321,96,225,0.51014690245052,0.29906542056074764,0.21108148188977233,FINAL_POSTHOC_ONLY,M3T,direction_top_label,frozen,adaptive
3,0.5408350467681885,0.6011053562164307,320,102,218,0.5711653234437108,0.31875,0.25241532344371087,FINAL_POSTHOC_ONLY,M3T,direction_top_label,frozen,adaptive
4,0.6011053562164307,0.6677142500877381,321,95,226,0.634837667518687,0.29595015576323985,0.3388875117554471,FINAL_POSTHOC_ONLY,M3T,direction_top_label,frozen,adaptive
5,0.6677142500877381,0.72816401720047,321,118,203,0.6981205891968677,0.367601246105919,0.3305193430909487,FINAL_POSTHOC_ONLY,M3T,direction_top_label,frozen,adaptive
6,0.72816401720047,0.788837993144989,320,97,223,0.7574662117287516,0.303125,0.45434121172875164,FINAL_POSTHOC_ONLY,M3T,direction_top_label,frozen,adaptive
7,0.788837993144989,0.8488575696945191,321,106,215,0.8199801519281025,0.3302180685358255,0.48976208339227695,FINAL_POSTHOC_ONLY,M3T,direction_top_label,frozen,adaptive
8,0.8488575696945191,0.9175003290176392,320,102,218,0.8827638758346439,0.31875,0.5640138758346439,FINAL_POSTHOC_ONLY,M3T,direction_top_label,frozen,adaptive
9,0.9175003290176392,0.9784128904342652,321,102,219,0.950590365215254,0.3177570093457944,0.6328333558694597,FINAL_POSTHOC_ONLY,M3T,direction_top_label,frozen,adaptive
10,0.9784128904342652,inf,321,95,226,0.9928191612671636,0.29595015576323985,0.6968690055039237,FINAL_POSTHOC_ONLY,M3T,direction_top_label,frozen,adaptive
1,-inf,0.1,166,70,96,0.02365355086658175,0.42168674698795183,0.39803319612137006,FINAL_POSTHOC_ONLY,M3T,direction_down,frozen,equal_width
2,0.1,0.2,118,41,77,0.1527877124184269,0.3474576271186441,0.1946699147002172,FINAL_POSTHOC_ONLY,M3T,direction_down,frozen,equal_width
3,0.2,0.30000000000000004,175,69,106,0.25186395244938986,0.3942857142857143,0.14242176183632443,FINAL_POSTHOC_ONLY,M3T,direction_down,frozen,equal_width
4,0.30000000000000004,0.4,227,81,146,0.34745261375074343,0.3568281938325991,0.009375580081855683,FINAL_POSTHOC_ONLY,M3T,direction_down,frozen,equal_width
5,0.4,0.5,265,93,172,0.4508276482798019,0.35094339622641507,0.0998842520533868,FINAL_POSTHOC_ONLY,M3T,direction_down,frozen,equal_width
6,0.5,0.6000000000000001,333,115,218,0.5529581161590668,0.34534534534534533,0.20761277081372143,FINAL_POSTHOC_ONLY,M3T,direction_down,frozen,equal_width
7,0.6000000000000001,0.7000000000000001,374,116,258,0.6525893780318174,0.31016042780748665,0.34242895022433073,FINAL_POSTHOC_ONLY,M3T,direction_down,frozen,equal_width
8,0.7000000000000001,0.8,472,157,315,0.7490419869200658,0.3326271186440678,0.41641486827599805,FINAL_POSTHOC_ONLY,M3T,direction_down,frozen,equal_width
9,0.8,0.9,462,145,317,0.847415105863051,0.31385281385281383,0.5335622920102372,FINAL_POSTHOC_ONLY,M3T,direction_down,frozen,equal_width
10,0.9,inf,615,177,438,0.9602830118840524,0.28780487804878047,0.6724781338352719,FINAL_POSTHOC_ONLY,M3T,direction_down,frozen,equal_width
1,-inf,0.1,877,303,574,0.03652543333201884,0.34549600912200684,0.308970575789988,FINAL_POSTHOC_ONLY,M3T,direction_flat,frozen,equal_width
2,0.1,0.2,686,199,487,0.1496044642376135,0.29008746355685133,0.14048299931923783,FINAL_POSTHOC_ONLY,M3T,direction_flat,frozen,equal_width
3,0.2,0.30000000000000004,613,188,425,0.24787056647836675,0.3066884176182708,0.058817851139904065,FINAL_POSTHOC_ONLY,M3T,direction_flat,frozen,equal_width
4,0.30000000000000004,0.4,413,101,312,0.3473999545735828,0.24455205811138014,0.10284789646220266,FINAL_POSTHOC_ONLY,M3T,direction_flat,frozen,equal_width
5,0.4,0.5,296,82,214,0.44885404669755213,0.27702702702702703,0.1718270196705251,FINAL_POSTHOC_ONLY,M3T,direction_flat,frozen,equal_width
6,0.5,0.6000000000000001,171,44,127,0.5464787305447093,0.2573099415204678,0.2891687890242415,FINAL_POSTHOC_ONLY,M3T,direction_flat,frozen,equal_width
7,0.6000000000000001,0.7000000000000001,84,24,60,0.6454036569311505,0.2857142857142857,0.35968937121686484,FINAL_POSTHOC_ONLY,M3T,direction_flat,frozen,equal_width
8,0.7000000000000001,0.8,48,17,31,0.7443694397807121,0.3541666666666667,0.39020277311404544,FINAL_POSTHOC_ONLY,M3T,direction_flat,frozen,equal_width
9,0.8,0.9,12,7,5,0.8498758226633072,0.5833333333333334,0.2665424893299738,FINAL_POSTHOC_ONLY,M3T,direction_flat,frozen,equal_width
10,0.9,inf,7,5,2,0.9347609281539917,0.7142857142857143,0.2204752138682774,FINAL_POSTHOC_ONLY,M3T,direction_flat,frozen,equal_width
1,-inf,0.1,2133,720,1413,0.028031423778327492,0.33755274261603374,0.3095213188377062,FINAL_POSTHOC_ONLY,M3T,direction_up,frozen,equal_width
2,0.1,0.2,486,207,279,0.14188489071074337,0.42592592592592593,0.28404103521518254,FINAL_POSTHOC_ONLY,M3T,direction_up,frozen,equal_width
3,0.2,0.30000000000000004,221,94,127,0.24386037286050719,0.4253393665158371,0.1814789936553299,FINAL_POSTHOC_ONLY,M3T,direction_up,frozen,equal_width
4,0.30000000000000004,0.4,110,46,64,0.34841477464545856,0.41818181818181815,0.0697670435363596,FINAL_POSTHOC_ONLY,M3T,direction_up,frozen,equal_width
5,0.4,0.5,59,27,32,0.4452351857039888,0.4576271186440678,0.012391932940079009,FINAL_POSTHOC_ONLY,M3T,direction_up,frozen,equal_width
6,0.5,0.6000000000000001,24,11,13,0.5526186004281044,0.4583333333333333,0.09428526709477109,FINAL_POSTHOC_ONLY,M3T,direction_up,frozen,equal_width
7,0.6000000000000001,0.7000000000000001,32,15,17,0.6515373103320599,0.46875,0.18278731033205986,FINAL_POSTHOC_ONLY,M3T,direction_up,frozen,equal_width
8,0.7000000000000001,0.8,17,4,13,0.7609481005107656,0.23529411764705882,0.5256539828637068,FINAL_POSTHOC_ONLY,M3T,direction_up,frozen,equal_width
9,0.8,0.9,14,6,8,0.8534695676394871,0.42857142857142855,0.42489813906805857,FINAL_POSTHOC_ONLY,M3T,direction_up,frozen,equal_width
10,0.9,inf,111,43,68,0.9863808163356472,0.38738738738738737,0.5989934289482599,FINAL_POSTHOC_ONLY,M3T,direction_up,frozen,equal_width
1,-inf,0.1,268,88,180,0.05536319357372067,0.3283582089552239,0.2729950153815032,FINAL_POSTHOC_ONLY,M3T,bid_fill,raw,equal_width
2,0.1,0.2,565,171,394,0.15720492584251725,0.30265486725663715,0.1454499414141199,FINAL_POSTHOC_ONLY,M3T,bid_fill,raw,equal_width
3,0.2,0.30000000000000004,945,291,654,0.25280867901744036,0.30793650793650795,0.05512782891906759,FINAL_POSTHOC_ONLY,M3T,bid_fill,raw,equal_width
4,0.30000000000000004,0.4,937,305,632,0.3450356486512859,0.3255069370330843,0.019528711618201577,FINAL_POSTHOC_ONLY,M3T,bid_fill,raw,equal_width
5,0.4,0.5,294,94,200,0.43660238628484765,0.3197278911564626,0.11687449512838505,FINAL_POSTHOC_ONLY,M3T,bid_fill,raw,equal_width
6,0.5,0.6000000000000001,69,20,49,0.5371875382851863,0.2898550724637681,0.24733246582141816,FINAL_POSTHOC_ONLY,M3T,bid_fill,raw,equal_width
7,0.6000000000000001,0.7000000000000001,24,5,19,0.6399212976296743,0.20833333333333334,0.43158796429634094,FINAL_POSTHOC_ONLY,M3T,bid_fill,raw,equal_width
8,0.7000000000000001,0.8,12,4,8,0.7311093062162399,0.3333333333333333,0.3977759728829066,FINAL_POSTHOC_ONLY,M3T,bid_fill,raw,equal_width
9,0.8,0.9,25,10,15,0.8512482976913452,0.4,0.4512482976913452,FINAL_POSTHOC_ONLY,M3T,bid_fill,raw,equal_width
10,0.9,inf,68,19,49,0.9756190332615011,0.27941176470588236,0.6962072685556188,FINAL_POSTHOC_ONLY,M3T,bid_fill,raw,equal_width
1,-inf,0.11760499626398087,321,98,223,0.0641305850972047,0.3052959501557632,0.2411653650585585,FINAL_POSTHOC_ONLY,M3T,bid_fill,raw,adaptive
2,0.11760499626398087,0.17325049340724946,321,100,221,0.1474346778474493,0.3115264797507788,0.1640918019033295,FINAL_POSTHOC_ONLY,M3T,bid_fill,raw,adaptive
3,0.17325049340724946,0.2172299176454544,320,92,228,0.19605340766720475,0.2875,0.09144659233279523,FINAL_POSTHOC_ONLY,M3T,bid_fill,raw,adaptive
4,0.2172299176454544,0.25181947350502015,321,103,218,0.2340786055983784,0.32087227414330216,0.08679366854492376,FINAL_POSTHOC_ONLY,M3T,bid_fill,raw,adaptive
5,0.25181947350502015,0.28346750140190125,321,98,223,0.26777936541402825,0.3052959501557632,0.03751658474173497,FINAL_POSTHOC_ONLY,M3T,bid_fill,raw,adaptive
6,0.28346750140190125,0.3118652641773224,320,100,220,0.2982706128619611,0.3125,0.014229387138038896,FINAL_POSTHOC_ONLY,M3T,bid_fill,raw,adaptive
7,0.3118652641773224,0.3439354717731476,321,118,203,0.32659609926823885,0.367601246105919,0.04100514683768014,FINAL_POSTHOC_ONLY,M3T,bid_fill,raw,adaptive
8,0.3439354717731476,0.3795667707920075,320,102,218,0.36062086345627903,0.31875,0.04187086345627905,FINAL_POSTHOC_ONLY,M3T,bid_fill,raw,adaptive
9,0.3795667707920075,0.43830896615982057,321,96,225,0.4043517329982508,0.29906542056074764,0.10528631243750314,FINAL_POSTHOC_ONLY,M3T,bid_fill,raw,adaptive
10,0.43830896615982057,inf,321,100,221,0.641174500107817,0.3115264797507788,0.32964802035703816,FINAL_POSTHOC_ONLY,M3T,bid_fill,raw,adaptive
1,-inf,0.1,770,240,530,0.03413500333910916,0.3116883116883117,0.2775533083492025,FINAL_POSTHOC_ONLY,M3T,bid_fill,frozen,equal_width
2,0.1,0.2,378,105,273,0.14918115932159323,0.2777777777777778,0.12859661845618456,FINAL_POSTHOC_ONLY,M3T,bid_fill,frozen,equal_width
3,0.2,0.30000000000000004,323,108,215,0.24940322966952072,0.33436532507739936,0.08496209540787864,FINAL_POSTHOC_ONLY,M3T,bid_fill,frozen,equal_width
4,0.30000000000000004,0.4,309,98,211,0.35055998208839145,0.31715210355987056,0.033407878528520896,FINAL_POSTHOC_ONLY,M3T,bid_fill,frozen,equal_width
5,0.4,0.5,335,112,223,0.4478608058459723,0.33432835820895523,0.11353244763701709,FINAL_POSTHOC_ONLY,M3T,bid_fill,frozen,equal_width
6,0.5,0.6000000000000001,289,95,194,0.5522065857702473,0.328719723183391,0.2234868625868563,FINAL_POSTHOC_ONLY,M3T,bid_fill,frozen,equal_width
7,0.6000000000000001,0.7000000000000001,264,85,179,0.6502428325739774,0.32196969696969696,0.32827313560428045,FINAL_POSTHOC_ONLY,M3T,bid_fill,frozen,equal_width
8,0.7000000000000001,0.8,211,62,149,0.7451001058257587,0.2938388625592417,0.451261243266517,FINAL_POSTHOC_ONLY,M3T,bid_fill,frozen,equal_width
9,0.8,0.9,136,45,91,0.8451836459776935,0.33088235294117646,0.514301293036517,FINAL_POSTHOC_ONLY,M3T,bid_fill,frozen,equal_width
10,0.9,inf,192,57,135,0.9744156757237593,0.296875,0.6775406757237593,FINAL_POSTHOC_ONLY,M3T,bid_fill,frozen,equal_width
1,-inf,0.018943293020129207,321,98,223,0.005082938140163873,0.3052959501557632,0.30021301201559936,FINAL_POSTHOC_ONLY,M3T,bid_fill,frozen,adaptive
2,0.018943293020129207,0.07067764550447464,321,100,221,0.04273983691688453,0.3115264797507788,0.26878664283389425,FINAL_POSTHOC_ONLY,M3T,bid_fill,frozen,adaptive
3,0.07067764550447464,0.1511668086051941,320,92,228,0.10910307085141539,0.2875,0.17839692914858457,FINAL_POSTHOC_ONLY,M3T,bid_fill,frozen,adaptive
4,0.1511668086051941,0.24213886559009554,321,103,218,0.19355150347001085,0.32087227414330216,0.1273207706732913,FINAL_POSTHOC_ONLY,M3T,bid_fill,frozen,adaptive
5,0.24213886559009554,0.3426627218723297,321,98,223,0.2917807345449739,0.3052959501557632,0.013515215610789333,FINAL_POSTHOC_ONLY,M3T,bid_fill,frozen,adaptive
6,0.3426627218723297,0.4403499960899354,320,100,220,0.39329704074189065,0.3125,0.08079704074189065,FINAL_POSTHOC_ONLY,M3T,bid_fill,frozen,adaptive
7,0.4403499960899354,0.5501649379730225,321,118,203,0.49121151767044424,0.367601246105919,0.12361027156452525,FINAL_POSTHOC_ONLY,M3T,bid_fill,frozen,adaptive
8,0.5501649379730225,0.6613017916679383,320,102,218,0.6035180319100618,0.31875,0.28476803191006184,FINAL_POSTHOC_ONLY,M3T,bid_fill,frozen,adaptive
9,0.6613017916679383,0.8031798243522644,321,96,225,0.7257082540298176,0.29906542056074764,0.42664283346907,FINAL_POSTHOC_ONLY,M3T,bid_fill,frozen,adaptive
10,0.8031798243522644,inf,321,100,221,0.9234298616104532,0.3115264797507788,0.6119033818596744,FINAL_POSTHOC_ONLY,M3T,bid_fill,frozen,adaptive
1,-inf,0.1,210,65,145,0.031981988418066196,0.30952380952380953,0.2775418211057433,FINAL_POSTHOC_ONLY,M3T,ask_fill,raw,equal_width
2,0.1,0.2,232,82,150,0.15478475870371894,0.35344827586206895,0.19866351715835,FINAL_POSTHOC_ONLY,M3T,ask_fill,raw,equal_width
3,0.2,0.30000000000000004,574,180,394,0.25620516721899084,0.313588850174216,0.05738368295522517,FINAL_POSTHOC_ONLY,M3T,ask_fill,raw,equal_width
4,0.30000000000000004,0.4,1023,300,723,0.35188957559398193,0.2932551319648094,0.05863444362917253,FINAL_POSTHOC_ONLY,M3T,ask_fill,raw,equal_width
5,0.4,0.5,778,244,534,0.44473721841613556,0.31362467866323906,0.1311125397528965,FINAL_POSTHOC_ONLY,M3T,ask_fill,raw,equal_width
6,0.5,0.6000000000000001,232,74,158,0.5389855396130989,0.31896551724137934,0.22002002237171958,FINAL_POSTHOC_ONLY,M3T,ask_fill,raw,equal_width
7,0.6000000000000001,0.7000000000000001,58,17,41,0.6440264305164074,0.29310344827586204,0.35092298224054536,FINAL_POSTHOC_ONLY,M3T,ask_fill,raw,equal_width
8,0.7000000000000001,0.8,28,9,19,0.7499320677348545,0.32142857142857145,0.4285034963062831,FINAL_POSTHOC_ONLY,M3T,ask_fill,raw,equal_width
9,0.8,0.9,23,4,19,0.8571722170580989,0.17391304347826086,0.683259173579838,FINAL_POSTHOC_ONLY,M3T,ask_fill,raw,equal_width
10,0.9,inf,49,9,40,0.9824001387673982,0.1836734693877551,0.7987266693796431,FINAL_POSTHOC_ONLY,M3T,ask_fill,raw,equal_width
1,-inf,0.1541451305150986,321,98,223,0.06523691859811136,0.3052959501557632,0.24005903155765185,FINAL_POSTHOC_ONLY,M3T,ask_fill,raw,adaptive
2,0.1541451305150986,0.24336950182914735,321,103,218,0.2062590938769397,0.32087227414330216,0.11461318026636247,FINAL_POSTHOC_ONLY,M3T,ask_fill,raw,adaptive
3,0.24336950182914735,0.2926486611366272,320,107,213,0.27048884420655667,0.334375,0.06388615579344331,FINAL_POSTHOC_ONLY,M3T,ask_fill,raw,adaptive
4,0.2926486611366272,0.3307651877403259,321,87,234,0.3124896296273882,0.27102803738317754,0.04146159224421064,FINAL_POSTHOC_ONLY,M3T,ask_fill,raw,adaptive
5,0.3307651877403259,0.3577699065208435,321,91,230,0.3445472098028177,0.2834890965732087,0.06105811322960902,FINAL_POSTHOC_ONLY,M3T,ask_fill,raw,adaptive
6,0.3577699065208435,0.389354306459427,320,104,216,0.37393890200182794,0.325,0.04893890200182793,FINAL_POSTHOC_ONLY,M3T,ask_fill,raw,adaptive
7,0.389354306459427,0.42281529903411863,321,103,218,0.40534169131721665,0.32087227414330216,0.08446941717391449,FINAL_POSTHOC_ONLY,M3T,ask_fill,raw,adaptive
8,0.42281529903411863,0.4599541246891022,320,96,224,0.4400023207999766,0.3,0.1400023207999766,FINAL_POSTHOC_ONLY,M3T,ask_fill,raw,adaptive
9,0.4599541246891022,0.5160035133361817,321,103,218,0.4841041546372981,0.32087227414330216,0.16323188049399595,FINAL_POSTHOC_ONLY,M3T,ask_fill,raw,adaptive
10,0.5160035133361817,inf,321,92,229,0.6739461050598049,0.2866043613707165,0.3873417436890884,FINAL_POSTHOC_ONLY,M3T,ask_fill,raw,adaptive
1,-inf,0.1,469,157,312,0.03357925651871077,0.3347547974413646,0.30117554092265386,FINAL_POSTHOC_ONLY,M3T,ask_fill,frozen,equal_width
2,0.1,0.2,365,112,253,0.1511640795493779,0.30684931506849317,0.15568523551911526,FINAL_POSTHOC_ONLY,M3T,ask_fill,frozen,equal_width
3,0.2,0.30000000000000004,438,122,316,0.2502435599900272,0.2785388127853881,0.028295252795360937,FINAL_POSTHOC_ONLY,M3T,ask_fill,frozen,equal_width
4,0.30000000000000004,0.4,520,164,356,0.34649697651083655,0.3153846153846154,0.031112361126221177,FINAL_POSTHOC_ONLY,M3T,ask_fill,frozen,equal_width
5,0.4,0.5,466,140,326,0.4473088235942079,0.30042918454935624,0.14687963904485168,FINAL_POSTHOC_ONLY,M3T,ask_fill,frozen,equal_width
6,0.5,0.6000000000000001,393,122,271,0.5473238977463798,0.3104325699745547,0.2368913277718251,FINAL_POSTHOC_ONLY,M3T,ask_fill,frozen,equal_width
7,0.6000000000000001,0.7000000000000001,257,79,178,0.6435650728555968,0.30739299610894943,0.3361720767466474,FINAL_POSTHOC_ONLY,M3T,ask_fill,frozen,equal_width
8,0.7000000000000001,0.8,126,42,84,0.7505222152149866,0.3333333333333333,0.4171888818816533,FINAL_POSTHOC_ONLY,M3T,ask_fill,frozen,equal_width
9,0.8,0.9,61,19,42,0.8441938855608956,0.3114754098360656,0.53271847572483,FINAL_POSTHOC_ONLY,M3T,ask_fill,frozen,equal_width
10,0.9,inf,112,27,85,0.9749981469462939,0.24107142857142858,0.7339267183748653,FINAL_POSTHOC_ONLY,M3T,ask_fill,frozen,equal_width
1,-inf,0.049893841147422804,321,98,223,0.013741409246639469,0.3052959501557632,0.29155454090912375,FINAL_POSTHOC_ONLY,M3T,ask_fill,frozen,adaptive
2,0.049893841147422804,0.14842800199985506,321,103,218,0.10237301424192119,0.32087227414330216,0.21849925990138097,FINAL_POSTHOC_ONLY,M3T,ask_fill,frozen,adaptive
3,0.14842800199985506,0.22874324321746828,320,107,213,0.19120556553825735,0.334375,0.14316943446174263,FINAL_POSTHOC_ONLY,M3T,ask_fill,frozen,adaptive
4,0.22874324321746828,0.30155039429664615,321,87,234,0.26597736242032866,0.27102803738317754,0.005050674962848889,FINAL_POSTHOC_ONLY,M3T,ask_fill,frozen,adaptive
5,0.30155039429664615,0.3572692573070526,321,91,230,0.3297635877615195,0.2834890965732087,0.046274491188310785,FINAL_POSTHOC_ONLY,M3T,ask_fill,frozen,adaptive
6,0.3572692573070526,0.4250409066677096,320,104,216,0.391808311175555,0.325,0.06680831117555497,FINAL_POSTHOC_ONLY,M3T,ask_fill,frozen,adaptive
7,0.4250409066677096,0.49774301648139957,321,103,218,0.4597969165657911,0.32087227414330216,0.13892464242248892,FINAL_POSTHOC_ONLY,M3T,ask_fill,frozen,adaptive
8,0.49774301648139957,0.5766858696937561,320,96,224,0.5345391936600208,0.3,0.2345391936600208,FINAL_POSTHOC_ONLY,M3T,ask_fill,frozen,adaptive
9,0.5766858696937561,0.6864041328430176,321,103,218,0.6251681248346964,0.32087227414330216,0.30429585069139425,FINAL_POSTHOC_ONLY,M3T,ask_fill,frozen,adaptive
10,0.6864041328430176,inf,321,92,229,0.8427232946233185,0.2866043613707165,0.556118933252602,FINAL_POSTHOC_ONLY,M3T,ask_fill,frozen,adaptive
4,0.30000000000000004,0.4,22,10,12,0.3808556144887751,0.45454545454545453,0.07368984005667945,FINAL_POSTHOC_ONLY,XGBOOST,direction_top_label,frozen,equal_width
5,0.4,0.5,348,86,262,0.45984000892474736,0.2471264367816092,0.21271357214313816,FINAL_POSTHOC_ONLY,XGBOOST,direction_top_label,frozen,equal_width
6,0.5,0.6000000000000001,774,181,593,0.5555081808751867,0.23385012919896642,0.3216580516762203,FINAL_POSTHOC_ONLY,XGBOOST,direction_top_label,frozen,equal_width
7,0.6000000000000001,0.7000000000000001,1051,314,737,0.6491782994184122,0.2987630827783064,0.35041521664010583,FINAL_POSTHOC_ONLY,XGBOOST,direction_top_label,frozen,equal_width
8,0.7000000000000001,0.8,914,379,535,0.7426492758339813,0.41466083150984684,0.3279884443241345,FINAL_POSTHOC_ONLY,XGBOOST,direction_top_label,frozen,equal_width
9,0.8,0.9,98,38,60,0.8189259360031206,0.3877551020408163,0.43117083396230427,FINAL_POSTHOC_ONLY,XGBOOST,direction_top_label,frozen,equal_width
1,-inf,0.4897396802902222,321,83,238,0.4490770147039883,0.2585669781931464,0.19051003651084192,FINAL_POSTHOC_ONLY,XGBOOST,direction_top_label,frozen,adaptive
2,0.4897396802902222,0.5435455679893494,321,82,239,0.5189368840875656,0.2554517133956386,0.26348517069192695,FINAL_POSTHOC_ONLY,XGBOOST,direction_top_label,frozen,adaptive
3,0.5435455679893494,0.5797784566879273,320,77,243,0.5633291168138385,0.240625,0.3227041168138385,FINAL_POSTHOC_ONLY,XGBOOST,direction_top_label,frozen,adaptive
4,0.5797784566879273,0.612394940853119,321,76,245,0.5970864503925835,0.2367601246105919,0.36032632578199153,FINAL_POSTHOC_ONLY,XGBOOST,direction_top_label,frozen,adaptive
5,0.612394940853119,0.6435545682907104,321,91,230,0.6277847321605385,0.2834890965732087,0.34429563558732984,FINAL_POSTHOC_ONLY,XGBOOST,direction_top_label,frozen,adaptive
6,0.6435545682907104,0.6724543809890747,320,98,222,0.6580278240144253,0.30625,0.35177782401442526,FINAL_POSTHOC_ONLY,XGBOOST,direction_top_label,frozen,adaptive
7,0.6724543809890747,0.7045193076133728,321,106,215,0.6885272104792134,0.3302180685358255,0.35830914194338787,FINAL_POSTHOC_ONLY,XGBOOST,direction_top_label,frozen,adaptive
8,0.7045193076133728,0.7328367710113526,320,127,193,0.7181578148156404,0.396875,0.32128281481564047,FINAL_POSTHOC_ONLY,XGBOOST,direction_top_label,frozen,adaptive
9,0.7328367710113526,0.7638541102409363,321,135,186,0.7475026487561401,0.4205607476635514,0.32694190109258875,FINAL_POSTHOC_ONLY,XGBOOST,direction_top_label,frozen,adaptive
10,0.7638541102409363,inf,321,133,188,0.7917839047322021,0.4143302180685358,0.37745368666366624,FINAL_POSTHOC_ONLY,XGBOOST,direction_top_label,frozen,adaptive
1,-inf,0.1,394,108,286,0.08283902620093017,0.27411167512690354,0.19127264892597337,FINAL_POSTHOC_ONLY,XGBOOST,direction_down,frozen,equal_width
2,0.1,0.2,1477,458,1019,0.14550853593271168,0.31008801624915366,0.16457948031644198,FINAL_POSTHOC_ONLY,XGBOOST,direction_down,frozen,equal_width
3,0.2,0.30000000000000004,849,310,539,0.2430291803656815,0.3651354534746761,0.12210627310899458,FINAL_POSTHOC_ONLY,XGBOOST,direction_down,frozen,equal_width
4,0.30000000000000004,0.4,367,127,240,0.34482152601678623,0.3460490463215259,0.00122752030473966,FINAL_POSTHOC_ONLY,XGBOOST,direction_down,frozen,equal_width
5,0.4,0.5,89,45,44,0.43862583630540397,0.5056179775280899,0.06699214122268593,FINAL_POSTHOC_ONLY,XGBOOST,direction_down,frozen,equal_width
6,0.5,0.6000000000000001,22,12,10,0.5430034399032593,0.5454545454545454,0.002451105551286137,FINAL_POSTHOC_ONLY,XGBOOST,direction_down,frozen,equal_width
7,0.6000000000000001,0.7000000000000001,7,3,4,0.6301970056125096,0.42857142857142855,0.20162557704108103,FINAL_POSTHOC_ONLY,XGBOOST,direction_down,frozen,equal_width
8,0.7000000000000001,0.8,2,1,1,0.7091591656208038,0.5,0.20915916562080383,FINAL_POSTHOC_ONLY,XGBOOST,direction_down,frozen,equal_width
2,0.1,0.2,3,0,3,0.15056088070074716,0.0,0.15056088070074716,FINAL_POSTHOC_ONLY,XGBOOST,direction_flat,frozen,equal_width
3,0.2,0.30000000000000004,25,3,22,0.26325584948062897,0.12,0.14325584948062897,FINAL_POSTHOC_ONLY,XGBOOST,direction_flat,frozen,equal_width
4,0.30000000000000004,0.4,74,11,63,0.36080336329099294,0.14864864864864866,0.21215471464234428,FINAL_POSTHOC_ONLY,XGBOOST,direction_flat,frozen,equal_width
5,0.4,0.5,303,62,241,0.4591812611413081,0.20462046204620463,0.25456079909510343,FINAL_POSTHOC_ONLY,XGBOOST,direction_flat,frozen,equal_width
6,0.5,0.6000000000000001,748,167,581,0.5560387713227043,0.2232620320855615,0.3327767392371428,FINAL_POSTHOC_ONLY,XGBOOST,direction_flat,frozen,equal_width
7,0.6000000000000001,0.7000000000000001,1044,311,733,0.6493055686297544,0.2978927203065134,0.351412848323241,FINAL_POSTHOC_ONLY,XGBOOST,direction_flat,frozen,equal_width
8,0.7000000000000001,0.8,912,378,534,0.742722719058133,0.4144736842105263,0.3282490348476067,FINAL_POSTHOC_ONLY,XGBOOST,direction_flat,frozen,equal_width
9,0.8,0.9,98,38,60,0.8189259360031206,0.3877551020408163,0.43117083396230427,FINAL_POSTHOC_ONLY,XGBOOST,direction_flat,frozen,equal_width
1,-inf,0.1,267,120,147,0.079977506011278,0.449438202247191,0.369460696235913,FINAL_POSTHOC_ONLY,XGBOOST,direction_up,frozen,equal_width
2,0.1,0.2,2169,728,1441,0.15303162298838957,0.33563854310742275,0.18260692011903318,FINAL_POSTHOC_ONLY,XGBOOST,direction_up,frozen,equal_width
3,0.2,0.30000000000000004,674,278,396,0.23286808821585483,0.4124629080118694,0.17959481979601458,FINAL_POSTHOC_ONLY,XGBOOST,direction_up,frozen,equal_width
4,0.30000000000000004,0.4,75,33,42,0.3375372489293416,0.44,0.10246275107065839,FINAL_POSTHOC_ONLY,XGBOOST,direction_up,frozen,equal_width
5,0.4,0.5,18,12,6,0.43488992088370854,0.6666666666666666,0.2317767457829581,FINAL_POSTHOC_ONLY,XGBOOST,direction_up,frozen,equal_width
6,0.5,0.6000000000000001,4,2,2,0.5250638425350189,0.5,0.02506384253501892,FINAL_POSTHOC_ONLY,XGBOOST,direction_up,frozen,equal_width
1,-inf,0.1,1989,563,1426,0.061514117243213234,0.28305681246857717,0.22154269522536393,FINAL_POSTHOC_ONLY,XGBOOST,bid_fill,frozen,equal_width
2,0.1,0.2,962,326,636,0.1360293068301529,0.3388773388773389,0.202848032047186,FINAL_POSTHOC_ONLY,XGBOOST,bid_fill,frozen,equal_width
3,0.2,0.30000000000000004,181,88,93,0.23641931697808577,0.4861878453038674,0.2497685283257816,FINAL_POSTHOC_ONLY,XGBOOST,bid_fill,frozen,equal_width
4,0.30000000000000004,0.4,46,21,25,0.338951231992763,0.45652173913043476,0.11757050713767175,FINAL_POSTHOC_ONLY,XGBOOST,bid_fill,frozen,equal_width
5,0.4,0.5,20,6,14,0.4440612316131592,0.3,0.1440612316131592,FINAL_POSTHOC_ONLY,XGBOOST,bid_fill,frozen,equal_width
6,0.5,0.6000000000000001,7,2,5,0.5447185976164681,0.2857142857142857,0.2590043119021824,FINAL_POSTHOC_ONLY,XGBOOST,bid_fill,frozen,equal_width
7,0.6000000000000001,0.7000000000000001,2,1,1,0.6480112671852112,0.5,0.14801126718521118,FINAL_POSTHOC_ONLY,XGBOOST,bid_fill,frozen,equal_width
1,-inf,0.03966841995716095,321,74,247,0.033455230028737,0.23052959501557632,0.19707436498683933,FINAL_POSTHOC_ONLY,XGBOOST,bid_fill,frozen,adaptive
2,0.03966841995716095,0.04888930916786194,321,81,240,0.04436781447717334,0.2523364485981308,0.20796863412095748,FINAL_POSTHOC_ONLY,XGBOOST,bid_fill,frozen,adaptive
3,0.04888930916786194,0.05955343544483185,320,94,226,0.05443151571089402,0.29375,0.239318484289106,FINAL_POSTHOC_ONLY,XGBOOST,bid_fill,frozen,adaptive
4,0.05955343544483185,0.07031227052211762,321,99,222,0.06481767069792078,0.308411214953271,0.24359354425535024,FINAL_POSTHOC_ONLY,XGBOOST,bid_fill,frozen,adaptive
5,0.07031227052211762,0.08168192207813263,321,101,220,0.07632729037435626,0.3146417445482866,0.23831445417393032,FINAL_POSTHOC_ONLY,XGBOOST,bid_fill,frozen,adaptive
6,0.08168192207813263,0.09626210629940034,320,99,221,0.08835308935958892,0.309375,0.2210219106404111,FINAL_POSTHOC_ONLY,XGBOOST,bid_fill,frozen,adaptive
7,0.09626210629940034,0.11640392243862152,321,110,211,0.10545430699148653,0.3426791277258567,0.23722482073437015,FINAL_POSTHOC_ONLY,XGBOOST,bid_fill,frozen,adaptive
8,0.11640392243862152,0.13840260505676272,320,91,229,0.12672151455190034,0.284375,0.15765348544809965,FINAL_POSTHOC_ONLY,XGBOOST,bid_fill,frozen,adaptive
9,0.13840260505676272,0.1823381006717682,321,117,204,0.15707194169176703,0.3644859813084112,0.20741403961664417,FINAL_POSTHOC_ONLY,XGBOOST,bid_fill,frozen,adaptive
10,0.1823381006717682,inf,321,141,180,0.26412488742966517,0.4392523364485981,0.17512744901893296,FINAL_POSTHOC_ONLY,XGBOOST,bid_fill,frozen,adaptive
1,-inf,0.1,27,7,20,0.08611607537777335,0.25925925925925924,0.1731431838814859,FINAL_POSTHOC_ONLY,XGBOOST,ask_fill,frozen,equal_width
2,0.1,0.2,1011,285,726,0.1604911476137848,0.2818991097922849,0.12140796217850008,FINAL_POSTHOC_ONLY,XGBOOST,ask_fill,frozen,equal_width
3,0.2,0.30000000000000004,1272,397,875,0.24657503263614838,0.3121069182389937,0.06553188560284534,FINAL_POSTHOC_ONLY,XGBOOST,ask_fill,frozen,equal_width
4,0.30000000000000004,0.4,669,220,449,0.3415562245432393,0.32884902840059793,0.012707196142641375,FINAL_POSTHOC_ONLY,XGBOOST,ask_fill,frozen,equal_width
5,0.4,0.5,199,67,132,0.43979874642650085,0.33668341708542715,0.1031153293410737,FINAL_POSTHOC_ONLY,XGBOOST,ask_fill,frozen,equal_width
6,0.5,0.6000000000000001,27,7,20,0.527883114638152,0.25925925925925924,0.2686238553788927,FINAL_POSTHOC_ONLY,XGBOOST,ask_fill,frozen,equal_width
7,0.6000000000000001,0.7000000000000001,2,1,1,0.6453187763690948,0.5,0.14531877636909485,FINAL_POSTHOC_ONLY,XGBOOST,ask_fill,frozen,equal_width
1,-inf,0.14615111351013182,321,79,242,0.1223503970816685,0.24610591900311526,0.12375552192144676,FINAL_POSTHOC_ONLY,XGBOOST,ask_fill,frozen,adaptive
2,0.14615111351013182,0.17384151220321656,321,88,233,0.16003943320561048,0.27414330218068533,0.11410386897507485,FINAL_POSTHOC_ONLY,XGBOOST,ask_fill,frozen,adaptive
3,0.17384151220321656,0.1952442079782486,320,99,221,0.184109166264534,0.309375,0.12526583373546601,FINAL_POSTHOC_ONLY,XGBOOST,ask_fill,frozen,adaptive
4,0.1952442079782486,0.2166446328163147,321,99,222,0.20581080497610976,0.308411214953271,0.10260040997716124,FINAL_POSTHOC_ONLY,XGBOOST,ask_fill,frozen,adaptive
5,0.2166446328163147,0.23881195485591888,321,95,226,0.22852238678486547,0.29595015576323985,0.06742776897837438,FINAL_POSTHOC_ONLY,XGBOOST,ask_fill,frozen,adaptive
6,0.23881195485591888,0.2639552414417267,320,111,209,0.2518872241489589,0.346875,0.09498777585104107,FINAL_POSTHOC_ONLY,XGBOOST,ask_fill,frozen,adaptive
7,0.2639552414417267,0.29240640997886663,321,104,217,0.27841045440543105,0.32398753894080995,0.0455770845353789,FINAL_POSTHOC_ONLY,XGBOOST,ask_fill,frozen,adaptive
8,0.29240640997886663,0.3280772387981415,320,91,229,0.31072414964437484,0.284375,0.026349149644374847,FINAL_POSTHOC_ONLY,XGBOOST,ask_fill,frozen,adaptive
9,0.3280772387981415,0.37860080003738406,321,101,220,0.3494479885539533,0.3146417445482866,0.03480624400566673,FINAL_POSTHOC_ONLY,XGBOOST,ask_fill,frozen,adaptive
10,0.37860080003738406,inf,321,117,204,0.4337334863122007,0.3644859813084112,0.06924750500378951,FINAL_POSTHOC_ONLY,XGBOOST,ask_fill,frozen,adaptive
