partition,model,development_fixed_coverage_target,development_fixed_threshold,actual_coverage,support,accuracy,macro_f1,nll,interpretation
DEVELOPMENT,M3T,100,0.35989829897880554,1.0,384,0.6276041666666666,0.351905162505046,0.8600125312805176,V3_CANDIDATE_DEVELOPMENT
DEVELOPMENT,M3T,80,0.448671817779541,0.7994791666666666,307,0.6547231270358306,0.30802973364054137,0.8348426222801208,V3_CANDIDATE_DEVELOPMENT
DEVELOPMENT,M3T,60,0.48910078406333923,0.5989583333333334,230,0.6782608695652174,0.2861912393162393,0.8196482062339783,V3_CANDIDATE_DEVELOPMENT
DEVELOPMENT,M3T,40,0.5493918061256409,0.4010416666666667,154,0.7012987012987013,0.29816849816849816,0.8054971098899841,V3_CANDIDATE_DEVELOPMENT
DEVELOPMENT,M3T,20,0.745502233505249,0.20052083333333334,77,0.7402597402597403,0.2835820895522388,0.7592344284057617,V3_CANDIDATE_DEVELOPMENT
DEVELOPMENT,XGBOOST,100,0.3400609493255615,1.0,384,0.6432291666666666,0.4086479066575155,0.8114404678344727,V3_CANDIDATE_DEVELOPMENT
DEVELOPMENT,XGBOOST,80,0.5212442874908447,0.7994791666666666,307,0.6840390879478827,0.4190269722394279,0.7639108300209045,V3_CANDIDATE_DEVELOPMENT
DEVELOPMENT,XGBOOST,60,0.6134060025215149,0.5989583333333334,230,0.7434782608695653,0.4536460989291178,0.7075075507164001,V3_CANDIDATE_DEVELOPMENT
DEVELOPMENT,XGBOOST,40,0.6833474636077881,0.4010416666666667,154,0.7987012987012987,0.4481481481481482,0.6460952758789062,V3_CANDIDATE_DEVELOPMENT
DEVELOPMENT,XGBOOST,20,0.7606377005577087,0.20052083333333334,77,0.7922077922077922,0.4608627450980392,0.6387142539024353,V3_CANDIDATE_DEVELOPMENT
FINAL_POSTHOC_ONLY,M3T,100,0.35989829897880554,0.9956345494231369,3193,0.3175696836830567,0.25598195235061144,2.3189640045166016,FINAL_POSTHOC_ONLY
FINAL_POSTHOC_ONLY,M3T,80,0.448671817779541,0.9370127845338322,3005,0.3168053244592346,0.2518499121168356,2.39056658744812,FINAL_POSTHOC_ONLY
FINAL_POSTHOC_ONLY,M3T,60,0.48910078406333923,0.8827564702213907,2831,0.31790886612504415,0.24760781617972596,2.456515312194824,FINAL_POSTHOC_ONLY
FINAL_POSTHOC_ONLY,M3T,40,0.5493918061256409,0.7839101964452759,2514,0.31821797931583135,0.24087777247804854,2.5850086212158203,FINAL_POSTHOC_ONLY
FINAL_POSTHOC_ONLY,M3T,20,0.745502233505249,0.4695977549111319,1506,0.31274900398406374,0.22483086768622954,3.2247977256774902,FINAL_POSTHOC_ONLY
FINAL_POSTHOC_ONLY,XGBOOST,100,0.3400609493255615,0.9996881821016527,3206,0.314410480349345,0.18868217598909257,1.3526619672775269,FINAL_POSTHOC_ONLY
FINAL_POSTHOC_ONLY,XGBOOST,80,0.5212442874908447,0.8484565014031805,2721,0.3237780227857405,0.17073392669330636,1.376763939857483,FINAL_POSTHOC_ONLY
FINAL_POSTHOC_ONLY,XGBOOST,60,0.6134060025215149,0.5968194574368568,1914,0.35841170323928945,0.1781819890956947,1.3709555864334106,FINAL_POSTHOC_ONLY
FINAL_POSTHOC_ONLY,XGBOOST,40,0.6833474636077881,0.3635796694730278,1166,0.395368782161235,0.19090454772613694,1.3656409978866577,FINAL_POSTHOC_ONLY
FINAL_POSTHOC_ONLY,XGBOOST,20,0.7606377005577087,0.1072653570314936,344,0.4069767441860465,0.19283746556473827,1.433600902557373,FINAL_POSTHOC_ONLY
