feature_1,feature_2,mean_abs_tree_interaction
imbalance_5,ewma_vol,0.023783763870596886
microprice_minus_mid,depth_bid_1,0.020777428522706032
return_10,ewma_vol,0.014728344045579433
depth_bid_1,cancel_rate,0.014052245765924454
depth_bid_1,ewma_vol,0.013871322385966778
microprice_minus_mid,session_position,0.01293578278273344
imbalance_1,depth_bid_1,0.011390370316803455
microprice_minus_mid,depth_ask_1,0.011382418684661388
relative_spread,depth_bid_1,0.010808722116053104
microprice_minus_mid,return_10,0.01048999559134245
microprice_minus_mid,imbalance_1,0.010400299914181232
imbalance_1,depth_bid_10,0.010398888029158115
relative_spread,microprice_minus_mid,0.010226630605757236
imbalance_5,depth_bid_1,0.009918720461428165
imbalance_10,ewma_vol,0.009891440160572529
depth_bid_10,ewma_vol,0.009768394753336906
microprice_minus_mid,depth_bid_10,0.008834363892674446
depth_bid_10,signed_volume,0.008764014579355717
microprice_minus_mid,trade_rate,0.008696370758116245
microprice_minus_mid,imbalance_10,0.008645323105156422
depth_bid_1,session_position,0.008274841122329235
depth_bid_10,session_position,0.008198026567697525
depth_bid_1,depth_ask_1,0.008101158775389194
depth_bid_1,depth_bid_10,0.00806482695043087
depth_bid_1,return_1,0.007833005860447884
microprice_minus_mid,return_1,0.007821287028491497
imbalance_1,return_1,0.007727688644081354
ewma_vol,session_position,0.0075988080352544785
depth_convexity,ewma_vol,0.0074924021027982235
microprice_minus_mid,depth_convexity,0.007473996374756098
imbalance_1,cancel_rate,0.007469184696674347
imbalance_10,signed_volume,0.007455532904714346
imbalance_1,imbalance_10,0.007410455960780382
depth_bid_10,return_10,0.007303057238459587
imbalance_5,depth_bid_10,0.007288066670298576
microprice_minus_mid,imbalance_5,0.007207971531897783
microprice_minus_mid,signed_volume,0.007042581681162119
depth_ask_10,realized_vol_50,0.006960362195968628
depth_bid_1,realized_vol_50,0.006780775263905525
imbalance_10,depth_bid_1,0.0067131700925529
ewma_vol,signed_volume,0.006712640170007944
depth_bid_1,signed_volume,0.006698037963360548
imbalance_1,session_position,0.006636325269937515
realized_vol_50,ewma_vol,0.0064839706756174564
imbalance_1,imbalance_5,0.006426203530281782
robust_vol_50,session_position,0.006348388269543648
relative_spread,imbalance_5,0.006333370227366686
event_rate,cancel_rate,0.006290485616773367
relative_spread,depth_bid_10,0.006151918321847916
depth_ask_5,trade_rate,0.006107358727604151
