feature,mean_abs_tree_shap,warnings,partition
ewma_vol,0.18784317,,DEVELOPMENT
microprice_minus_mid,0.15051442,,DEVELOPMENT
depth_bid_1,0.12822443,,DEVELOPMENT
imbalance_1,0.107610755,,DEVELOPMENT
relative_spread,0.10461594,,DEVELOPMENT
spread,0.099193625,,DEVELOPMENT
cancel_rate,0.09381485,,DEVELOPMENT
depth_ask_1,0.07955622,,DEVELOPMENT
signed_volume,0.06937948,,DEVELOPMENT
return_1,0.06755577,,DEVELOPMENT
session_position,0.06181045,,DEVELOPMENT
return_10,0.05617635,,DEVELOPMENT
imbalance_5,0.04826993,,DEVELOPMENT
depth_bid_10,0.04793704,,DEVELOPMENT
imbalance_10,0.04578975,,DEVELOPMENT
depth_convexity,0.04567431,,DEVELOPMENT
trade_rate,0.04535313,,DEVELOPMENT
realized_vol_50,0.042082615,,DEVELOPMENT
depth_ask_5,0.038072973,,DEVELOPMENT
depth_bid_5,0.036114767,,DEVELOPMENT
modify_rate,0.034925707,,DEVELOPMENT
robust_vol_50,0.028786859,,DEVELOPMENT
depth_ask_10,0.025643416,,DEVELOPMENT
depth_slope,0.021209976,,DEVELOPMENT
event_rate,0.020906786,,DEVELOPMENT
interarrival_ns,0.014005782,,DEVELOPMENT
source_id,0.0,,DEVELOPMENT
instrument_embedding_id,0.0,,DEVELOPMENT
modality_l1,0.0,,DEVELOPMENT
modality_l2,0.0,,DEVELOPMENT
modality_l3,0.0,,DEVELOPMENT
tick_size,0.0,,DEVELOPMENT
contract_multiplier,0.0,,DEVELOPMENT
depth_bid_1,0.14437802,,FINAL_POSTHOC_ONLY
signed_volume,0.11543875,,FINAL_POSTHOC_ONLY
microprice_minus_mid,0.11528105,,FINAL_POSTHOC_ONLY
depth_convexity,0.095595926,,FINAL_POSTHOC_ONLY
depth_ask_1,0.09228168,,FINAL_POSTHOC_ONLY
cancel_rate,0.087128356,,FINAL_POSTHOC_ONLY
imbalance_10,0.08264884,,FINAL_POSTHOC_ONLY
spread,0.075712495,,FINAL_POSTHOC_ONLY
imbalance_1,0.07568605,,FINAL_POSTHOC_ONLY
return_1,0.06872254,,FINAL_POSTHOC_ONLY
depth_ask_5,0.061221283,,FINAL_POSTHOC_ONLY
imbalance_5,0.049864553,,FINAL_POSTHOC_ONLY
trade_rate,0.042569805,,FINAL_POSTHOC_ONLY
session_position,0.041102428,,FINAL_POSTHOC_ONLY
modify_rate,0.040551573,,FINAL_POSTHOC_ONLY
relative_spread,0.04016104,,FINAL_POSTHOC_ONLY
return_10,0.038994223,,FINAL_POSTHOC_ONLY
ewma_vol,0.03741866,,FINAL_POSTHOC_ONLY
depth_bid_10,0.03717113,,FINAL_POSTHOC_ONLY
depth_bid_5,0.031941324,,FINAL_POSTHOC_ONLY
event_rate,0.02740784,,FINAL_POSTHOC_ONLY
interarrival_ns,0.026767608,,FINAL_POSTHOC_ONLY
robust_vol_50,0.022572763,,FINAL_POSTHOC_ONLY
depth_slope,0.020777557,,FINAL_POSTHOC_ONLY
realized_vol_50,0.017909305,,FINAL_POSTHOC_ONLY
depth_ask_10,0.0152809,,FINAL_POSTHOC_ONLY
source_id,0.0,,FINAL_POSTHOC_ONLY
instrument_embedding_id,0.0,,FINAL_POSTHOC_ONLY
modality_l1,0.0,,FINAL_POSTHOC_ONLY
modality_l2,0.0,,FINAL_POSTHOC_ONLY
modality_l3,0.0,,FINAL_POSTHOC_ONLY
tick_size,0.0,,FINAL_POSTHOC_ONLY
contract_multiplier,0.0,,FINAL_POSTHOC_ONLY
