partition,development_volatility_bucket,support,feature,mean_abs_tree_shap
DEVELOPMENT,Q1,192,spread,0.10396254807710648
DEVELOPMENT,Q1,192,relative_spread,0.13938212394714355
DEVELOPMENT,Q1,192,microprice_minus_mid,0.16702328622341156
DEVELOPMENT,Q1,192,imbalance_1,0.10416115820407867
DEVELOPMENT,Q1,192,imbalance_5,0.05301937833428383
DEVELOPMENT,Q1,192,imbalance_10,0.04993334040045738
DEVELOPMENT,Q1,192,depth_bid_1,0.10928180068731308
DEVELOPMENT,Q1,192,depth_ask_1,0.08585792034864426
DEVELOPMENT,Q1,192,depth_bid_5,0.030045079067349434
DEVELOPMENT,Q1,192,depth_ask_5,0.04828104004263878
DEVELOPMENT,Q1,192,depth_bid_10,0.04349837824702263
DEVELOPMENT,Q1,192,depth_ask_10,0.018712515011429787
DEVELOPMENT,Q1,192,depth_slope,0.022754255682229996
DEVELOPMENT,Q1,192,depth_convexity,0.03540600836277008
DEVELOPMENT,Q1,192,return_1,0.06124119460582733
DEVELOPMENT,Q1,192,return_10,0.0446765273809433
DEVELOPMENT,Q1,192,realized_vol_50,0.057181019335985184
DEVELOPMENT,Q1,192,ewma_vol,0.3048951327800751
DEVELOPMENT,Q1,192,robust_vol_50,0.032540857791900635
DEVELOPMENT,Q1,192,event_rate,0.018949754536151886
DEVELOPMENT,Q1,192,trade_rate,0.04465392231941223
DEVELOPMENT,Q1,192,cancel_rate,0.08962732553482056
DEVELOPMENT,Q1,192,modify_rate,0.03373722732067108
DEVELOPMENT,Q1,192,signed_volume,0.06890861690044403
DEVELOPMENT,Q1,192,interarrival_ns,0.011835978366434574
DEVELOPMENT,Q1,192,session_position,0.043258536607027054
DEVELOPMENT,Q1,192,source_id,0.0
DEVELOPMENT,Q1,192,instrument_embedding_id,0.0
DEVELOPMENT,Q1,192,modality_l1,0.0
DEVELOPMENT,Q1,192,modality_l2,0.0
DEVELOPMENT,Q1,192,modality_l3,0.0
DEVELOPMENT,Q1,192,tick_size,0.0
DEVELOPMENT,Q1,192,contract_multiplier,0.0
DEVELOPMENT,Q2,192,spread,0.09442456066608429
DEVELOPMENT,Q2,192,relative_spread,0.06984981149435043
DEVELOPMENT,Q2,192,microprice_minus_mid,0.13400566577911377
DEVELOPMENT,Q2,192,imbalance_1,0.11106047034263611
DEVELOPMENT,Q2,192,imbalance_5,0.043520502746105194
DEVELOPMENT,Q2,192,imbalance_10,0.04164613038301468
DEVELOPMENT,Q2,192,depth_bid_1,0.14716693758964539
DEVELOPMENT,Q2,192,depth_ask_1,0.0732545480132103
DEVELOPMENT,Q2,192,depth_bid_5,0.0421844907104969
DEVELOPMENT,Q2,192,depth_ask_5,0.02786491997539997
DEVELOPMENT,Q2,192,depth_bid_10,0.05237569659948349
DEVELOPMENT,Q2,192,depth_ask_10,0.032574333250522614
DEVELOPMENT,Q2,192,depth_slope,0.01966567151248455
DEVELOPMENT,Q2,192,depth_convexity,0.05594257637858391
DEVELOPMENT,Q2,192,return_1,0.07387026399374008
DEVELOPMENT,Q2,192,return_10,0.06767614930868149
DEVELOPMENT,Q2,192,realized_vol_50,0.026984160766005516
DEVELOPMENT,Q2,192,ewma_vol,0.07079118490219116
DEVELOPMENT,Q2,192,robust_vol_50,0.025032881647348404
DEVELOPMENT,Q2,192,event_rate,0.022863810881972313
DEVELOPMENT,Q2,192,trade_rate,0.04605236276984215
DEVELOPMENT,Q2,192,cancel_rate,0.09800218045711517
DEVELOPMENT,Q2,192,modify_rate,0.036114152520895004
DEVELOPMENT,Q2,192,signed_volume,0.06985017657279968
DEVELOPMENT,Q2,192,interarrival_ns,0.016175605356693268
DEVELOPMENT,Q2,192,session_position,0.08036239445209503
DEVELOPMENT,Q2,192,source_id,0.0
DEVELOPMENT,Q2,192,instrument_embedding_id,0.0
DEVELOPMENT,Q2,192,modality_l1,0.0
DEVELOPMENT,Q2,192,modality_l2,0.0
DEVELOPMENT,Q2,192,modality_l3,0.0
DEVELOPMENT,Q2,192,tick_size,0.0
DEVELOPMENT,Q2,192,contract_multiplier,0.0
FINAL_POSTHOC_ONLY,Q2,3150,spread,0.07610363513231277
FINAL_POSTHOC_ONLY,Q2,3150,relative_spread,0.03955768421292305
FINAL_POSTHOC_ONLY,Q2,3150,microprice_minus_mid,0.11549946665763855
FINAL_POSTHOC_ONLY,Q2,3150,imbalance_1,0.07659702003002167
FINAL_POSTHOC_ONLY,Q2,3150,imbalance_5,0.04994610697031021
FINAL_POSTHOC_ONLY,Q2,3150,imbalance_10,0.08327636867761612
FINAL_POSTHOC_ONLY,Q2,3150,depth_bid_1,0.1443483978509903
FINAL_POSTHOC_ONLY,Q2,3150,depth_ask_1,0.09200212359428406
FINAL_POSTHOC_ONLY,Q2,3150,depth_bid_5,0.032056666910648346
FINAL_POSTHOC_ONLY,Q2,3150,depth_ask_5,0.061414748430252075
FINAL_POSTHOC_ONLY,Q2,3150,depth_bid_10,0.036887139081954956
FINAL_POSTHOC_ONLY,Q2,3150,depth_ask_10,0.015250074677169323
FINAL_POSTHOC_ONLY,Q2,3150,depth_slope,0.020592911168932915
FINAL_POSTHOC_ONLY,Q2,3150,depth_convexity,0.09544451534748077
FINAL_POSTHOC_ONLY,Q2,3150,return_1,0.06886112689971924
FINAL_POSTHOC_ONLY,Q2,3150,return_10,0.03905182331800461
FINAL_POSTHOC_ONLY,Q2,3150,realized_vol_50,0.017668865621089935
FINAL_POSTHOC_ONLY,Q2,3150,ewma_vol,0.031075913459062576
FINAL_POSTHOC_ONLY,Q2,3150,robust_vol_50,0.022383224219083786
FINAL_POSTHOC_ONLY,Q2,3150,event_rate,0.02750282920897007
FINAL_POSTHOC_ONLY,Q2,3150,trade_rate,0.04252083972096443
FINAL_POSTHOC_ONLY,Q2,3150,cancel_rate,0.08653592318296432
FINAL_POSTHOC_ONLY,Q2,3150,modify_rate,0.04094300419092178
FINAL_POSTHOC_ONLY,Q2,3150,signed_volume,0.11685357987880707
FINAL_POSTHOC_ONLY,Q2,3150,interarrival_ns,0.02659890241920948
FINAL_POSTHOC_ONLY,Q2,3150,session_position,0.04112668335437775
FINAL_POSTHOC_ONLY,Q2,3150,source_id,0.0
FINAL_POSTHOC_ONLY,Q2,3150,instrument_embedding_id,0.0
FINAL_POSTHOC_ONLY,Q2,3150,modality_l1,0.0
FINAL_POSTHOC_ONLY,Q2,3150,modality_l2,0.0
FINAL_POSTHOC_ONLY,Q2,3150,modality_l3,0.0
FINAL_POSTHOC_ONLY,Q2,3150,tick_size,0.0
FINAL_POSTHOC_ONLY,Q2,3150,contract_multiplier,0.0
FINAL_POSTHOC_ONLY,Q1,57,spread,0.05409965664148331
FINAL_POSTHOC_ONLY,Q1,57,relative_spread,0.07350554317235947
FINAL_POSTHOC_ONLY,Q1,57,microprice_minus_mid,0.10322421044111252
FINAL_POSTHOC_ONLY,Q1,57,imbalance_1,0.025343632325530052
FINAL_POSTHOC_ONLY,Q1,57,imbalance_5,0.04535761848092079
FINAL_POSTHOC_ONLY,Q1,57,imbalance_10,0.04796634986996651
FINAL_POSTHOC_ONLY,Q1,57,depth_bid_1,0.1460181474685669
FINAL_POSTHOC_ONLY,Q1,57,depth_ask_1,0.10773658007383347
FINAL_POSTHOC_ONLY,Q1,57,depth_bid_5,0.025567373260855675
FINAL_POSTHOC_ONLY,Q1,57,depth_ask_5,0.050532735884189606
FINAL_POSTHOC_ONLY,Q1,57,depth_bid_10,0.05286495015025139
FINAL_POSTHOC_ONLY,Q1,57,depth_ask_10,0.016984950751066208
FINAL_POSTHOC_ONLY,Q1,57,depth_slope,0.03098216839134693
FINAL_POSTHOC_ONLY,Q1,57,depth_convexity,0.10396378487348557
FINAL_POSTHOC_ONLY,Q1,57,return_1,0.06106460466980934
FINAL_POSTHOC_ONLY,Q1,57,return_10,0.03581216186285019
FINAL_POSTHOC_ONLY,Q1,57,realized_vol_50,0.031195731833577156
FINAL_POSTHOC_ONLY,Q1,57,ewma_vol,0.3879404366016388
FINAL_POSTHOC_ONLY,Q1,57,robust_vol_50,0.03304785490036011
FINAL_POSTHOC_ONLY,Q1,57,event_rate,0.02216474898159504
FINAL_POSTHOC_ONLY,Q1,57,trade_rate,0.04527440667152405
FINAL_POSTHOC_ONLY,Q1,57,cancel_rate,0.1198670044541359
FINAL_POSTHOC_ONLY,Q1,57,modify_rate,0.018915429711341858
FINAL_POSTHOC_ONLY,Q1,57,signed_volume,0.03726324811577797
FINAL_POSTHOC_ONLY,Q1,57,interarrival_ns,0.03609331697225571
FINAL_POSTHOC_ONLY,Q1,57,session_position,0.039765432476997375
FINAL_POSTHOC_ONLY,Q1,57,source_id,0.0
FINAL_POSTHOC_ONLY,Q1,57,instrument_embedding_id,0.0
FINAL_POSTHOC_ONLY,Q1,57,modality_l1,0.0
FINAL_POSTHOC_ONLY,Q1,57,modality_l2,0.0
FINAL_POSTHOC_ONLY,Q1,57,modality_l3,0.0
FINAL_POSTHOC_ONLY,Q1,57,tick_size,0.0
FINAL_POSTHOC_ONLY,Q1,57,contract_multiplier,0.0
